State,Month,<2.5kw,2.5kw-4.5kw,4.5kw-6.5kw,6.5kw-9.5kw,9.5kw-14kw,14kw-25kw,25kw-50kw,50kw-100kw,100kw-5MW,5MW-30MW,30+MW
VIC,2007-01,21,3,0,0,0,0,0,0,0,0,0
VIC,2007-02,43,3,0,0,0,0,0,0,0,0,0
VIC,2007-03,78,9,5,0,0,0,0,0,0,0,0
VIC,2007-04,121,21,10,0,0,0,0,0,0,0,0
VIC,2007-05,176,21,15,0,0,0,0,0,0,0,0
VIC,2007-06,224,31,15,0,0,0,0,0,0,0,0
VIC,2007-07,277,46,15,9,0,0,0,0,0,0,0
VIC,2007-08,378,62,15,9,0,0,0,0,0,0,0
VIC,2007-09,461,104,26,9,0,0,0,0,0,0,0
VIC,2007-10,609,150,31,9,10,16,0,0,0,0,0
VIC,2007-11,732,172,36,9,10,16,0,0,0,0,0
VIC,2007-12,823,208,42,9,10,16,0,0,0,0,0
VIC,2008-01,934,221,52,9,10,16,0,0,0,0,0
VIC,2008-02,1059,254,57,16,10,16,0,0,0,0,0
VIC,2008-03,1225,286,57,16,10,16,0,0,0,0,0
VIC,2008-04,1460,317,89,30,10,16,0,0,0,0,0
VIC,2008-05,1707,386,100,37,10,16,0,0,0,0,0
VIC,2008-06,1849,408,122,37,10,16,0,0,0,0,0
VIC,2008-07,2007,457,139,37,10,36,0,0,0,0,0
VIC,2008-08,2136,478,144,37,10,36,0,0,0,0,0
VIC,2008-09,2298,488,161,37,10,36,0,0,0,0,0
VIC,2008-10,2501,509,166,37,10,36,0,0,0,0,0
VIC,2008-11,2712,527,171,37,10,36,0,0,0,0,0
VIC,2008-12,3018,558,176,37,10,36,0,0,0,0,0
VIC,2009-01,3346,571,186,37,10,36,0,0,0,0,0
VIC,2009-02,3900,583,191,37,10,36,0,0,0,0,0
VIC,2009-03,4385,593,201,37,10,36,0,0,0,0,0
VIC,2009-04,4799,602,207,44,10,36,0,0,0,0,0
VIC,2009-05,5415,605,219,44,10,36,0,0,0,0,0
VIC,2009-06,5928,626,229,44,10,36,0,0,0,0,0
VIC,2009-07,6618,668,252,61,10,36,0,0,0,0,0
VIC,2009-08,7403,712,262,85,10,36,0,0,0,0,0
VIC,2009-09,8569,748,290,85,10,36,0,0,0,0,0
VIC,2009-10,9817,825,323,85,10,36,0,0,0,0,0
VIC,2009-11,11157,880,370,92,10,36,0,0,336,0,0
VIC,2009-12,12721,1029,436,99,20,36,0,0,656,0,0
VIC,2010-01,15015,1164,493,99,20,36,0,0,656,0,0
VIC,2010-02,18084,1370,650,133,30,36,0,0,656,0,0
VIC,2010-03,22402,1653,766,155,30,36,0,67,656,0,0
VIC,2010-04,26510,2089,1012,180,41,36,0,67,656,0,0
VIC,2010-05,32064,2598,1190,212,41,36,26,67,656,0,0
VIC,2010-06,36677,3131,1485,212,53,79,26,67,656,0,0
VIC,2010-07,39968,3897,1804,253,97,79,26,67,656,0,0
VIC,2010-08,42882,4549,2129,277,107,97,26,67,656,0,0
VIC,2010-09,46565,5497,2551,345,140,97,26,67,656,0,0
VIC,2010-10,50667,6683,3073,383,204,97,55,67,656,0,0
VIC,2010-11,55286,8156,3494,422,224,97,55,67,656,0,0
VIC,2010-12,59150,9601,3990,440,224,97,55,67,656,0,0
VIC,2011-01,63510,11285,4650,448,274,131,82,67,656,0,0
VIC,2011-02,68835,13400,5370,456,284,165,82,67,656,0,0
VIC,2011-03,76083,16341,6557,456,337,165,121,67,656,0,0
VIC,2011-04,82986,19485,7791,476,398,201,150,67,656,0,0
VIC,2011-05,93065,25092,10036,491,442,230,150,67,656,0,0
VIC,2011-06,107202,34716,14776,547,608,297,220,67,656,0,0
VIC,2011-07,111559,38112,16361,580,658,347,220,67,656,0,0
VIC,2011-08,115985,42696,18665,589,689,391,220,67,656,0,0
VIC,2011-09,121726,50994,24043,606,752,476,220,67,656,0,0
VIC,2011-10,123366,52391,24569,645,857,496,249,67,656,0,0
VIC,2011-11,126151,54336,25371,704,1089,511,249,67,656,0,0
VIC,2011-12,128595,56492,26508,780,1129,589,279,67,656,0,0
VIC,2012-01,130970,58540,27541,844,1226,618,279,67,656,0,0
VIC,2012-02,134854,62095,29282,994,1393,679,279,121,656,0,0
VIC,2012-03,139819,66644,31945,1138,1637,814,279,121,656,0,0
VIC,2012-04,145666,72020,35089,1374,1984,1006,279,121,656,0,0
VIC,2012-05,153426,81789,41290,1744,2591,1320,360,206,656,0,0
VIC,2012-06,161004,96006,52396,2408,3445,1830,508,206,656,0,0
VIC,2012-07,164248,103117,57444,2658,3726,2301,735,206,656,0,0
VIC,2012-08,167399,109775,63220,3055,4166,2565,834,206,656,0,0
VIC,2012-09,171286,122525,76866,4072,5306,3256,1409,306,656,0,0
VIC,2012-10,173377,126668,79716,4300,5638,3596,1439,306,656,0,0
VIC,2012-11,175465,130883,83214,4580,5907,3914,1558,306,656,0,0
VIC,2012-12,178263,137400,88437,5213,6675,4395,1717,548,656,0,0
VIC,2013-01,179879,140690,91018,5474,6930,4556,1894,768,656,0,0
VIC,2013-02,181205,144649,94161,5763,7239,5036,2042,1068,656,0,0
VIC,2013-03,182643,148531,97754,6234,7596,5610,2300,1068,656,0,0
VIC,2013-04,184204,152369,101543,6631,8095,5991,2548,1126,656,0,0
VIC,2013-05,185475,156489,106079,7136,8625,6576,2919,1338,656,0,0
VIC,2013-06,186745,160321,109899,7630,9266,6972,3295,1627,656,0,0
VIC,2013-07,187887,164387,114178,8027,9772,7269,3661,2023,656,0,0
VIC,2013-08,188812,168177,118175,8453,10357,7573,4079,2313,1655,0,0
VIC,2013-09,189663,171825,122127,8801,10911,7941,4286,2703,1755,0,0
VIC,2013-10,190679,176293,126954,9447,11384,8220,4638,3169,2355,0,0
VIC,2013-11,191881,180625,132392,9780,11939,8463,5013,3278,2355,0,0
VIC,2013-12,192831,184381,137265,10132,12470,8927,5401,3604,2455,0,0
VIC,2014-01,193785,188203,141137,10515,12818,9211,5808,3791,2658,0,0
VIC,2014-02,194885,192796,146416,10895,13375,9569,6398,4058,2658,0,0
VIC,2014-03,195971,198051,151535,11312,13958,10088,6997,4624,2658,0,0
VIC,2014-04,196812,202428,156308,11651,14527,10403,7449,5081,6482,0,0
VIC,2014-05,197861,207826,162504,12280,15314,10934,7976,5811,7082,0,0
VIC,2014-06,198784,212383,167395,12682,15701,11386,8638,6508,7282,0,0
VIC,2014-07,199951,217725,173367,13149,16431,12282,9380,6951,8064,0,0
VIC,2014-08,201061,222505,178754,13662,16969,12819,10054,7576,8064,0,0
VIC,2014-09,202474,227810,184827,14226,17697,13428,10703,7945,8626,0,0
VIC,2014-10,203641,233118,190938,14669,18402,14394,11576,8820,9159,0,0
VIC,2014-11,204554,238068,196661,15253,19024,14920,12357,9475,9669,0,0
VIC,2014-12,205373,242733,202036,15740,19723,15662,13059,10480,9669,0,0
VIC,2015-01,206214,246508,206262,16172,20196,16301,13694,11338,9869,0,0
VIC,2015-02,207115,251111,211478,16750,20887,16988,14463,12032,9869,0,0
VIC,2015-03,207932,255203,216461,17248,21610,17880,15021,13056,10069,0,0
VIC,2015-04,208786,258813,220613,17663,22170,18564,15485,13507,11740,0,0
VIC,2015-05,209496,262059,224810,18152,22845,19055,16217,14275,11740,0,0
VIC,2015-06,210257,265625,229228,18649,23528,19952,17126,15328,11840,0,0
VIC,2015-07,211044,269468,234212,19200,24202,20675,17772,16463,11940,0,0
VIC,2015-08,211689,272897,239150,19589,24840,21242,18479,17751,12240,0,0
VIC,2015-09,212370,276261,244298,20164,25545,22010,19234,18106,12840,0,0
VIC,2015-10,213060,279570,249568,20600,26229,22441,20065,19268,13040,0,0
VIC,2015-11,213670,282878,254110,21067,26910,23118,20811,20044,13240,0,0
VIC,2015-12,214241,285881,258676,21463,27718,23913,21741,20942,14141,0,0
VIC,2016-01,214759,288077,262118,21801,27985,24222,22145,21439,14241,0,0
VIC,2016-02,215442,291396,267198,22340,28623,24697,22942,22323,14341,0,0
VIC,2016-03,216085,294602,271846,22790,29204,25459,23488,23216,15410,0,0
VIC,2016-04,216731,297642,275987,23280,29829,26252,24698,24066,15510,0,0
VIC,2016-05,217338,300909,280404,23831,30562,27085,25287,25126,15510,0,0
VIC,2016-06,217812,303821,284253,24336,31194,27703,26227,26322,16012,0,0
VIC,2016-07,218339,306719,287880,24724,31996,28402,27021,27887,16112,0,0
VIC,2016-08,218943,309570,291886,25203,32796,29373,27874,28571,16112,0,0
VIC,2016-09,219380,312226,296184,25611,33613,30128,29273,30066,16112,0,0
VIC,2016-10,219887,314752,300453,26180,34580,30797,30280,31149,17481,0,0
VIC,2016-11,220432,317829,305356,26760,35410,31652,31061,32592,17781,0,0
VIC,2016-12,220949,321222,310646,27538,36494,32961,33032,36026,17919,0,0
VIC,2017-01,221370,323924,314387,27895,36982,33570,33578,36641,18069,0,0
VIC,2017-02,221916,326874,318993,28428,37819,34433,34708,37698,18529,0,0
VIC,2017-03,222453,330039,324376,29123,38740,35536,35898,39757,18894,0,0
VIC,2017-04,222890,332590,328889,29652,39478,36268,37047,41664,18894,0,0
VIC,2017-05,223564,335872,335160,30517,40636,37687,38588,44009,18894,0,0
VIC,2017-06,224022,338730,341000,31399,41892,39018,40337,46716,21012,0,0
VIC,2017-07,224482,341287,346989,32420,43270,40543,42329,48832,21012,0,0
VIC,2017-08,224894,343981,354062,33474,44704,41759,43660,50935,21161,0,0
VIC,2017-09,225235,346383,361159,34659,45984,42696,45212,53002,22407,0,0
VIC,2017-10,225618,349021,369316,36023,47685,43978,47043,55308,23608,0,0
VIC,2017-11,225999,351774,378180,37259,49491,45474,48871,59509,24682,0,0
VIC,2017-12,226388,354277,387335,38702,51505,47817,52106,66237,25298,0,0
VIC,2018-01,226668,356457,394284,39929,52730,48544,53092,67896,26422,0,0
VIC,2018-02,227014,359182,403270,41552,54491,49966,54421,70575,31680,0,0
VIC,2018-03,227444,361644,413502,43246,56679,51405,56218,73319,34575,0,60236
VIC,2018-04,227735,363873,422256,44894,58649,53089,58308,75765,37352,0,60236
VIC,2018-05,228106,366265,431498,46723,60787,55251,60388,80498,41868,19283,60236
VIC,2018-06,228497,368159,440149,48869,63027,57536,62207,85926,42842,19283,60236
VIC,2018-07,228801,370218,448934,51695,65393,59376,64136,88968,43984,19283,170431
VIC,2018-08,229219,372364,458523,55650,67935,61375,66567,92105,47445,25263,170431
VIC,2018-09,229496,374865,470694,61735,69889,62675,68344,95427,50478,25263,170431
VIC,2018-10,229872,378484,487409,72155,72491,64067,70579,99021,55526,25263,282890
VIC,2018-11,230317,382096,504245,84164,75294,65531,72360,103028,57342,25263,392761
VIC,2018-12,230659,385234,517904,94783,78429,67929,74871,113504,57452,25263,392761
VIC,2019-01,230939,388621,530228,105429,80217,68976,75948,115661,60960,25263,392761
VIC,2019-02,231335,392477,545577,119145,82939,70693,77823,120179,61483,25263,392761
VIC,2019-03,231656,396638,560145,133099,85653,73151,79751,124697,66493,25263,392761
VIC,2019-04,231932,399919,572414,144692,88150,75079,81476,128761,74317,25263,392761
VIC,2019-05,232262,402377,581815,153739,91005,77500,84123,134484,79019,25263,514812
VIC,2019-06,232476,403859,587186,158746,93434,79864,87026,138442,81070,25263,514812
VIC,2019-07,232681,405213,594198,165253,95878,82004,89589,143022,86872,25263,514812
VIC,2019-08,232893,407269,603722,175767,98350,83814,92272,147907,88740,25263,514812
VIC,2019-09,233149,409524,613412,189361,100851,85375,94570,151837,89835,25263,514812
VIC,2019-10,233422,412280,625502,208159,104014,87243,97779,156325,90717,25263,514812
VIC,2019-11,233705,414848,637356,229010,107325,88988,100630,162603,99427,41861,514812
VIC,2019-12,233885,417113,647733,249680,111467,91604,104527,171182,102370,50160,514812
VIC,2020-01,234019,419079,656933,267729,113603,92561,105925,173714,106361,50160,514812
VIC,2020-02,234207,421919,667976,289501,117105,94387,107918,177540,110399,50160,514812
VIC,2020-03,234466,424697,678454,310622,121471,96473,110829,182059,113974,50160,514812
VIC,2020-04,234685,427019,686159,327483,125189,97985,113097,186908,116828,50160,549054
VIC,2020-05,234981,429257,694192,347018,129242,99940,115407,192353,119790,50160,549054
VIC,2020-06,235280,431363,701850,370390,134006,102737,118414,198524,122984,76400,549054
VIC,2020-07,235501,433609,711224,401227,139653,104918,121857,203352,126014,76400,549054
VIC,2020-08,235623,434732,715046,412800,142388,106497,124149,206923,129299,76400,549054
VIC,2020-09,235745,435761,718516,423423,146136,108105,126875,210182,130006,76400,805534
VIC,2020-10,235868,437107,724564,447620,152093,110557,129457,214946,131154,76400,805534
VIC,2020-11,236100,439235,733984,487609,160524,113107,131844,219850,131682,76400,912031
VIC,2020-12,236371,441001,741213,521831,169769,116763,135441,224500,132112,109451,1060949
VIC,2021-01,236489,442319,746864,545624,174614,117674,136640,225468,135869,109451,1060949
VIC,2021-02,236625,443665,752598,569059,179998,119380,138218,226100,136069,117726,1161197
VIC,2021-03,236665,444278,755117,580101,182494,120250,138769,226355,136519,117726,1161197
NSW&ACT,2007-01,11,15,0,0,0,0,0,0,0,0,0
NSW&ACT,2007-02,35,22,5,7,0,0,0,0,0,0,0
NSW&ACT,2007-03,66,28,5,14,0,0,0,0,0,0,0
NSW&ACT,2007-04,88,38,5,27,0,0,0,0,0,0,0
NSW&ACT,2007-05,120,55,10,27,0,0,0,0,0,0,0
NSW&ACT,2007-06,173,61,15,27,0,0,0,0,0,0,0
NSW&ACT,2007-07,274,78,20,27,0,0,0,0,0,0,0
NSW&ACT,2007-08,372,105,37,27,0,0,0,0,0,0,0
NSW&ACT,2007-09,499,150,52,27,0,0,0,0,0,0,0
NSW&ACT,2007-10,630,205,68,27,0,0,0,0,0,0,0
NSW&ACT,2007-11,785,241,68,27,0,0,0,0,0,0,0
NSW&ACT,2007-12,914,284,73,27,0,0,0,64,0,0,0
NSW&ACT,2008-01,1063,324,73,27,0,0,0,163,0,0,0
NSW&ACT,2008-02,1270,373,78,27,0,0,0,163,0,0,0
NSW&ACT,2008-03,1491,411,96,41,0,0,0,163,0,0,0
NSW&ACT,2008-04,1705,445,108,48,0,0,36,163,0,0,0
NSW&ACT,2008-05,1983,486,118,56,0,0,36,163,0,0,0
NSW&ACT,2008-06,2220,513,135,56,0,0,36,163,0,0,0
NSW&ACT,2008-07,2504,575,156,56,12,0,36,163,0,0,0
NSW&ACT,2008-08,2808,636,156,63,23,0,36,163,0,0,0
NSW&ACT,2008-09,3108,707,189,94,33,0,36,163,0,0,0
NSW&ACT,2008-10,3483,801,205,102,43,0,36,163,0,0,0
NSW&ACT,2008-11,3896,857,210,110,43,0,36,163,0,0,0
NSW&ACT,2008-12,4432,979,242,125,54,0,36,163,0,0,0
NSW&ACT,2009-01,4955,1046,262,132,54,0,36,163,0,0,0
NSW&ACT,2009-02,5674,1130,273,139,54,43,36,163,0,0,0
NSW&ACT,2009-03,6540,1221,301,139,54,58,36,263,0,0,0
NSW&ACT,2009-04,7431,1338,418,146,102,81,36,263,0,0,0
NSW&ACT,2009-05,8434,1468,462,160,122,81,36,263,0,0,0
NSW&ACT,2009-06,9491,1575,515,167,122,98,36,263,0,0,0
NSW&ACT,2009-07,10670,1677,591,188,132,98,70,263,0,0,0
NSW&ACT,2009-08,12286,1836,637,201,142,98,107,263,0,0,0
NSW&ACT,2009-09,14320,2027,732,208,152,98,107,263,0,0,0
NSW&ACT,2009-10,16397,2267,874,238,152,122,164,263,0,0,0
NSW&ACT,2009-11,18875,2533,1096,277,172,122,164,263,0,0,0
NSW&ACT,2009-12,21010,2897,1293,307,264,162,200,314,0,0,0
NSW&ACT,2010-01,23124,3237,1444,353,396,162,200,314,0,0,0
NSW&ACT,2010-02,25987,3929,1711,431,596,222,200,314,0,0,0
NSW&ACT,2010-03,30065,5062,2262,527,998,327,260,314,0,0,0
NSW&ACT,2010-04,34880,6682,2740,623,1423,347,260,314,0,0,0
NSW&ACT,2010-05,41168,8668,3331,833,2125,367,260,314,0,0,0
NSW&ACT,2010-06,49124,11694,4406,1195,3535,367,289,514,0,0,0
NSW&ACT,2010-07,57694,15079,5793,1629,4865,404,319,514,0,0,0
NSW&ACT,2010-08,66984,18917,7382,2137,6501,404,449,579,0,0,0
NSW&ACT,2010-09,77455,23500,9103,2516,8273,420,521,579,0,0,0
NSW&ACT,2010-10,89416,28542,11084,3208,9939,457,551,579,0,0,0
NSW&ACT,2010-11,102918,34677,13449,3701,11860,473,614,579,0,0,0
NSW&ACT,2010-12,111949,38709,14938,4146,13676,492,614,579,0,0,0
NSW&ACT,2011-01,126375,45784,17592,4764,16862,553,751,579,0,0,0
NSW&ACT,2011-02,140362,52285,20221,5589,19866,608,841,721,0,0,0
NSW&ACT,2011-03,155059,59328,23345,6314,24274,706,1017,721,0,0,0
NSW&ACT,2011-04,167352,64893,25609,7079,28664,779,1047,721,0,0,0
NSW&ACT,2011-05,184288,71825,28100,7711,32961,875,1197,721,0,0,0
NSW&ACT,2011-06,205220,81218,31117,8315,35967,1139,1402,721,0,0,0
NSW&ACT,2011-07,207942,82634,31674,8511,36804,1318,1532,721,0,0,0
NSW&ACT,2011-08,210339,83971,32097,8620,37517,1421,1631,721,0,0,0
NSW&ACT,2011-09,212501,85098,32457,8813,38137,1482,1631,721,237,0,0
NSW&ACT,2011-10,214685,86531,32871,8907,38797,1588,1909,721,237,0,0
NSW&ACT,2011-11,217013,88229,33507,9025,40153,1664,1968,772,237,0,0
NSW&ACT,2011-12,219290,89810,34148,9228,40552,1808,2045,822,237,0,0
NSW&ACT,2012-01,221153,91063,34581,9393,40798,1906,2247,948,237,0,0
NSW&ACT,2012-02,223870,92880,35189,9655,41349,2013,2319,948,237,0,0
NSW&ACT,2012-03,227752,95252,35992,9943,41835,2127,2379,1047,237,0,0
NSW&ACT,2012-04,232158,97821,36850,10260,42308,2186,2409,1047,237,0,0
NSW&ACT,2012-05,240922,103535,38806,10586,42964,2380,2571,1189,237,0,0
NSW&ACT,2012-06,254828,113052,42699,11180,45322,3011,2924,1496,237,0,0
NSW&ACT,2012-07,258283,115982,43778,11341,45577,3277,3132,1612,237,0,0
NSW&ACT,2012-08,261918,119185,45212,11870,45860,3449,3272,1662,237,0,0
NSW&ACT,2012-09,265165,122378,46667,12369,46292,3761,3464,1825,237,0,0
NSW&ACT,2012-10,268447,126383,48585,12850,46679,4024,3589,2366,437,0,0
NSW&ACT,2012-11,272304,131445,50951,13282,47205,4295,3929,2777,437,0,0
NSW&ACT,2012-12,277800,139964,55083,13918,48359,4899,4379,3179,437,0,0
NSW&ACT,2013-01,279970,143964,57170,14210,48927,5195,4509,3658,579,0,0
NSW&ACT,2013-02,282333,148569,59675,14573,49779,5746,4670,3966,779,0,0
NSW&ACT,2013-03,284365,152736,62023,15097,50417,6167,5103,4874,879,0,0
NSW&ACT,2013-04,285988,156547,64312,15399,51145,6515,5515,5583,1179,0,0
NSW&ACT,2013-05,287969,160950,67246,15960,51935,6984,6043,6345,1179,0,0
NSW&ACT,2013-06,289441,164596,69418,16425,52812,7587,6648,6649,1525,0,0
NSW&ACT,2013-07,291266,169121,72582,16844,53578,8300,7283,7347,1725,0,0
NSW&ACT,2013-08,292954,173871,76240,17393,54471,9032,7969,7807,2165,0,0
NSW&ACT,2013-09,294598,178451,79569,17989,55508,9694,8660,8541,2865,0,0
NSW&ACT,2013-10,296275,183069,82587,18449,56563,10491,9556,9486,2865,0,0
NSW&ACT,2013-11,297826,187016,85573,18906,57366,11221,10109,10530,3165,13306,0
NSW&ACT,2013-12,298978,190593,88436,19447,58160,12068,11056,11683,6252,13306,0
NSW&ACT,2014-01,300184,193638,90797,19734,58741,12610,11506,12497,6477,13306,0
NSW&ACT,2014-02,301535,197350,93384,20151,59431,13049,12032,13338,7016,13306,0
NSW&ACT,2014-03,302871,201379,96204,20484,60103,13660,12779,14664,7116,13306,0
NSW&ACT,2014-04,304288,205302,99343,20791,60846,14176,13517,15299,8002,13306,0
NSW&ACT,2014-05,305680,210158,103402,21218,61834,14908,14393,17059,9461,33306,0
NSW&ACT,2014-06,306992,214544,107218,21692,62726,15805,15244,18341,9730,33306,0
NSW&ACT,2014-07,308373,219447,111388,22250,63650,16573,16159,19930,10426,33306,0
NSW&ACT,2014-08,309661,224052,115513,22797,64600,17600,17160,21255,11026,33306,0
NSW&ACT,2014-09,311181,229607,120766,23515,65705,18619,18456,22851,11126,33306,0
NSW&ACT,2014-10,312690,235692,126462,24231,66889,19623,19798,24026,11426,33306,0
NSW&ACT,2014-11,313863,240806,131678,25092,68070,20262,20987,26121,11791,33306,0
NSW&ACT,2014-12,314897,245558,136595,25990,69051,21237,22091,27830,12191,33306,0
NSW&ACT,2015-01,315764,249539,141014,26504,69840,21897,22925,29603,12191,33306,0
NSW&ACT,2015-02,316686,253944,146699,27352,71055,22992,24076,31684,12691,33306,0
NSW&ACT,2015-03,317683,258316,151918,28316,72186,23966,25224,33641,13878,33306,102000
NSW&ACT,2015-04,318474,261594,156223,28999,72931,24758,26152,34724,14278,33306,102000
NSW&ACT,2015-05,319417,265475,161030,29933,74158,25828,27385,36286,14392,33306,102000
NSW&ACT,2015-06,320192,269403,166023,30679,75338,27169,28505,37725,14792,33306,102000
NSW&ACT,2015-07,320984,273427,171642,31461,76617,28360,29653,39014,15542,33306,155000
NSW&ACT,2015-08,321726,277341,177438,32214,77490,29285,31040,39906,15542,33306,155000
NSW&ACT,2015-09,322443,281014,182786,32893,78584,30296,31816,41236,16760,33306,155000
NSW&ACT,2015-10,323127,284342,187758,33668,79648,31408,32826,43386,16860,33306,155000
NSW&ACT,2015-11,323854,287921,192696,34389,80736,32185,33953,44418,18089,33306,155000
NSW&ACT,2015-12,324439,291002,197281,35125,81827,33011,34885,46363,20208,33306,155000
NSW&ACT,2016-01,324853,293289,200570,35563,82638,33615,35536,47249,20508,33306,155000
NSW&ACT,2016-02,325446,296315,205286,36266,83492,34487,36457,48824,20992,33306,211000
NSW&ACT,2016-03,326076,299332,210086,36993,84346,35148,37146,50403,21730,33306,211000
NSW&ACT,2016-04,326681,302207,214726,37836,85357,35959,37836,52485,21730,33306,211000
NSW&ACT,2016-05,327296,305144,219497,38571,86296,36709,38762,55126,22028,33306,211000
NSW&ACT,2016-06,327878,307656,223985,39342,87283,37901,39673,56633,23286,33306,211000
NSW&ACT,2016-07,328486,310379,228306,40079,88459,38812,40433,58517,23605,33306,211000
NSW&ACT,2016-08,329306,313546,233301,40983,89587,39671,41606,60114,24134,33306,211000
NSW&ACT,2016-09,329975,316497,238467,41838,90861,40787,42960,61449,27032,33306,211000
NSW&ACT,2016-10,330693,319280,243789,42543,92093,41588,43852,63510,27232,33306,211000
NSW&ACT,2016-11,331476,323190,250698,43472,93533,42590,44741,64771,29562,33306,211000
NSW&ACT,2016-12,332237,326905,258139,44505,95478,43985,46847,68359,29562,57294,211000
NSW&ACT,2017-01,332908,329493,263439,45214,96368,44447,47187,69044,30487,57294,211000
NSW&ACT,2017-02,334128,332989,270240,46152,97838,45415,48287,69881,30787,57294,211000
NSW&ACT,2017-03,335451,336655,277569,47202,99501,46210,49887,72044,31514,57294,211000
NSW&ACT,2017-04,336320,339676,284117,48237,100881,46858,50860,73488,31744,57294,211000
NSW&ACT,2017-05,337165,343493,292509,49720,102894,48226,51849,76648,36714,57294,211000
NSW&ACT,2017-06,337932,346829,300570,51288,104841,49603,53593,79740,38583,57294,211000
NSW&ACT,2017-07,338701,350365,310519,52838,106802,50822,54752,83632,39478,57294,211000
NSW&ACT,2017-08,339605,354137,321034,54861,109056,52033,56203,85655,39608,57294,211000
NSW&ACT,2017-09,340347,357576,331184,57171,111545,53593,57186,87252,40159,57294,211000
NSW&ACT,2017-10,341015,361031,343353,59862,114095,54745,58282,91162,40439,57294,211000
NSW&ACT,2017-11,341757,365109,357205,63059,117829,56718,60181,94074,43093,57294,211000
NSW&ACT,2017-12,342423,368684,369391,66493,121861,58965,62528,100902,43442,57294,276923
NSW&ACT,2018-01,343025,371727,379952,69254,124000,60067,63413,102445,45321,57294,311865
NSW&ACT,2018-02,343587,375415,392900,72804,127079,61416,64795,104988,47091,57294,311865
NSW&ACT,2018-03,344273,379510,406998,76690,131013,63190,66141,108431,48426,57294,311865
NSW&ACT,2018-04,344927,383057,419838,81014,134585,64965,67792,112108,53031,68180,311865
NSW&ACT,2018-05,345674,387081,434451,86874,139169,67243,70773,116377,56362,86151,367737
NSW&ACT,2018-06,346136,390183,446142,92784,143204,69459,72926,120199,59776,86151,367737
NSW&ACT,2018-07,346680,393334,459399,101046,148057,71783,75319,124663,64642,86151,367737
NSW&ACT,2018-08,347233,396844,472548,111494,153000,74404,77074,129007,66826,86151,367737
NSW&ACT,2018-09,347665,399629,483824,122008,157605,76605,79023,132573,68173,111323,556417
NSW&ACT,2018-10,348040,402751,495528,133083,162616,78725,81617,136709,70248,111323,556417
NSW&ACT,2018-11,348560,406078,508779,146529,168168,81276,83932,143099,71029,111323,556417
NSW&ACT,2018-12,348916,408908,519866,160933,175027,84778,86828,153153,71853,111323,556417
NSW&ACT,2019-01,349188,410964,528405,172942,178407,86116,88027,155427,73005,111323,556417
NSW&ACT,2019-02,349550,413622,539917,188009,183759,88091,89885,159412,74784,111323,556417
NSW&ACT,2019-03,349905,416269,550839,203957,189686,90521,92350,162799,77766,111323,556417
NSW&ACT,2019-04,350209,419248,560712,218233,195375,92275,94262,166038,79013,111323,667321
NSW&ACT,2019-05,350786,422674,571854,236303,203178,95393,96374,169846,80491,111323,667321
NSW&ACT,2019-06,351385,425342,580974,252890,209497,98321,98803,175722,83467,111323,667321
NSW&ACT,2019-07,351903,428360,592078,273688,217400,100954,101317,181483,89185,111323,667321
NSW&ACT,2019-08,352442,431608,601967,294383,224664,103305,103857,185505,96415,120309,885465
NSW&ACT,2019-09,352906,434664,612608,316605,233029,105841,106741,189608,98966,120309,885465
NSW&ACT,2019-10,353359,437973,623321,342463,243440,108599,109392,195705,100139,120309,1140851
NSW&ACT,2019-11,353769,442288,633904,372712,254939,111855,112845,201729,103830,125320,1272698
NSW&ACT,2019-12,354119,445443,643478,403273,268387,116495,117393,213209,107662,125320,1911525
NSW&ACT,2020-01,354475,447947,650842,427029,276462,118369,118601,215169,109328,125320,1911525
NSW&ACT,2020-02,354776,451332,659257,456319,287254,120694,120729,218638,119531,125320,1911525
NSW&ACT,2020-03,355198,455050,669258,489057,300046,123657,122671,224457,123152,125320,2033065
NSW&ACT,2020-04,355667,458063,677207,517421,312835,126615,125092,228552,133930,125320,2033065
NSW&ACT,2020-05,356076,462361,685399,547564,327784,129635,127446,234357,136009,125320,2033065
NSW&ACT,2020-06,356484,466262,693630,581183,344118,133166,131271,241729,138253,125320,2122182
NSW&ACT,2020-07,356876,469270,702950,617788,362554,136988,135012,248867,142571,125320,2122182
NSW&ACT,2020-08,357243,471816,711354,656212,381342,140497,138301,252989,147146,125320,2122182
NSW&ACT,2020-09,357642,474690,719960,697873,403717,145053,141428,258793,151512,132040,2122182
NSW&ACT,2020-10,358026,477556,727595,737513,425589,149444,144937,264008,154103,132040,2161238
NSW&ACT,2020-11,358401,480289,736281,782268,454212,154775,149853,268788,155556,132040,2361258
NSW&ACT,2020-12,358739,482528,743361,822520,484930,162447,156202,278758,161778,132040,2422695
NSW&ACT,2021-01,358913,484296,748590,854239,504672,164908,157880,280030,165206,132040,2422695
NSW&ACT,2021-02,359115,486956,755485,893968,530734,168273,159872,281889,166928,132040,2462113
NSW&ACT,2021-03,359253,488979,759779,920863,549437,171348,161551,282483,167459,132040,2462113
QLD,2007-01,7,3,0,0,0,0,0,0,0,0,0
QLD,2007-02,19,6,0,0,0,0,0,0,0,0,0
QLD,2007-03,25,9,0,0,0,0,0,0,0,0,0
QLD,2007-04,37,9,0,0,0,0,0,0,0,0,0
QLD,2007-05,38,9,0,0,0,0,0,0,0,0,0
QLD,2007-06,42,26,5,0,0,0,0,0,0,0,0
QLD,2007-07,78,40,10,0,0,0,0,0,0,0,0
QLD,2007-08,115,46,10,0,0,0,0,0,0,0,0
QLD,2007-09,195,56,10,0,0,0,0,0,0,0,0
QLD,2007-10,300,75,26,0,0,20,0,0,0,0,0
QLD,2007-11,381,95,42,0,0,20,0,0,0,0,0
QLD,2007-12,480,113,59,17,12,20,0,0,0,0,0
QLD,2008-01,549,136,64,17,12,20,0,0,0,0,0
QLD,2008-02,641,161,69,17,12,20,0,0,0,0,0
QLD,2008-03,731,184,74,17,12,20,0,0,0,0,0
QLD,2008-04,897,228,94,17,12,20,0,0,0,0,0
QLD,2008-05,1085,273,100,25,23,20,0,0,0,0,0
QLD,2008-06,1317,320,100,25,34,20,0,0,0,0,0
QLD,2008-07,1542,361,137,34,44,20,0,0,0,0,0
QLD,2008-08,1769,404,149,42,44,20,0,0,0,0,0
QLD,2008-09,2109,432,149,65,44,20,0,0,0,0,0
QLD,2008-10,2648,530,176,65,44,20,0,0,0,0,0
QLD,2008-11,3147,610,188,65,44,20,0,0,0,0,0
QLD,2008-12,3720,723,204,74,56,40,0,0,0,0,0
QLD,2009-01,4279,805,230,82,56,40,0,0,0,0,0
QLD,2009-02,5057,875,252,82,56,40,0,0,0,0,0
QLD,2009-03,6148,1005,278,91,56,40,0,0,0,0,0
QLD,2009-04,7155,1106,303,91,56,40,0,0,0,0,0
QLD,2009-05,8275,1217,325,116,66,54,26,0,0,0,0
QLD,2009-06,9978,1321,341,116,76,72,26,0,0,0,0
QLD,2009-07,11974,1496,375,116,76,72,26,0,0,0,0
QLD,2009-08,13675,1790,433,125,106,72,60,0,0,0,0
QLD,2009-09,15549,2164,459,151,196,72,118,0,0,0,0
QLD,2009-10,18096,2577,513,174,206,107,118,0,0,0,0
QLD,2009-11,21322,3247,578,174,242,130,118,0,0,0,0
QLD,2009-12,23966,3901,690,197,254,130,118,0,0,0,0
QLD,2010-01,26517,4317,787,221,288,130,118,0,0,0,0
QLD,2010-02,29570,5088,876,277,332,154,118,0,0,0,0
QLD,2010-03,33343,6266,1049,335,387,202,181,0,0,0,0
QLD,2010-04,37282,7222,1263,388,427,303,181,0,0,0,0
QLD,2010-05,42034,8471,1459,441,507,333,210,0,0,0,0
QLD,2010-06,48036,9873,1801,495,652,333,339,0,0,0,0
QLD,2010-07,53718,11778,2179,591,785,381,488,0,0,0,0
QLD,2010-08,59957,13975,2605,696,880,411,649,55,0,0,0
QLD,2010-09,66014,16112,3153,843,1042,497,807,108,0,0,0
QLD,2010-10,72754,18496,3686,971,1172,549,905,178,0,0,0
QLD,2010-11,81084,21675,4419,1066,1320,789,1113,685,0,0,0
QLD,2010-12,87031,24320,4920,1192,1476,861,1204,685,0,0,0
QLD,2011-01,92847,27602,5831,1376,1720,861,1263,738,0,0,0
QLD,2011-02,101100,31645,6682,1517,1805,926,1327,812,0,0,0
QLD,2011-03,112262,36955,7914,1649,2126,961,1461,812,0,0,0
QLD,2011-04,122873,42534,9168,1785,2405,1116,1551,812,0,0,0
QLD,2011-05,140422,53120,12084,2200,2912,1329,2015,953,0,0,0
QLD,2011-06,163571,70683,17596,3007,4003,1832,2774,953,0,0,0
QLD,2011-07,171036,76130,19221,3220,4390,2066,3165,1008,0,0,0
QLD,2011-08,176616,81167,21001,3394,4695,2234,3618,1008,0,0,0
QLD,2011-09,181144,86353,22868,3545,4902,2433,4533,1064,0,0,0
QLD,2011-10,185659,91077,25068,3640,5138,2566,4958,1064,0,0,0
QLD,2011-11,190684,96761,28031,3728,5279,2671,5561,1064,0,0,0
QLD,2011-12,194698,101972,31255,3865,5398,2816,5972,1064,0,0,0
QLD,2012-01,198538,106732,34394,3911,5605,2862,6243,1144,0,0,0
QLD,2012-02,204958,114405,39653,3990,5732,2941,6851,1211,1800,0,0
QLD,2012-03,212043,123716,47087,4082,5989,3080,7357,1211,2016,0,0
QLD,2012-04,219573,134496,57109,4215,6191,3280,7839,1271,2016,0,0
QLD,2012-05,230396,152269,74206,4568,6480,3456,8735,1361,2016,0,0
QLD,2012-06,242601,176918,102512,5267,6985,3655,9116,1361,2364,0,0
QLD,2012-07,249313,189569,115915,5443,7190,3779,9483,1361,2364,0,0
QLD,2012-08,256947,205967,134676,5675,7457,3895,9849,1361,2364,0,0
QLD,2012-09,263335,219515,151584,5862,7737,4124,10148,1361,2364,0,0
QLD,2012-10,269308,231097,167220,6057,7932,4316,10522,1412,2629,0,0
QLD,2012-11,274582,241205,181975,6342,8147,4440,10767,1412,2935,0,0
QLD,2012-12,279079,252112,201685,6809,8536,4630,11401,1412,2935,0,0
QLD,2013-01,281746,257773,210209,6943,8692,4837,11626,1465,2935,0,0
QLD,2013-02,284055,262592,219355,7200,8902,5031,11762,1643,2935,0,0
QLD,2013-03,286694,268514,231446,7465,9135,5215,11978,1643,3177,0,0
QLD,2013-04,289587,275356,246191,7712,9474,5399,12301,1823,3177,0,0
QLD,2013-05,292920,284022,269375,8070,9920,5810,12888,1878,3177,0,0
QLD,2013-06,297015,296312,302588,8674,10597,6533,14224,2152,3177,0,0
QLD,2013-07,300208,302492,313324,8827,11081,6919,14499,2152,3580,0,0
QLD,2013-08,302440,306725,320967,9051,11454,7190,14750,2251,3580,0,0
QLD,2013-09,304129,310511,328602,9242,11778,7586,15318,2410,3580,0,0
QLD,2013-10,305865,314508,336909,9415,12038,7880,15851,2489,3780,0,0
QLD,2013-11,307695,318438,345824,9660,12228,8181,16228,2648,4044,0,0
QLD,2013-12,308979,321581,353730,9911,12570,8577,16666,2748,4144,0,0
QLD,2014-01,310448,325343,362782,10107,12856,8781,17039,2981,4244,0,0
QLD,2014-02,312136,330129,374558,10576,13096,9088,17435,3141,4344,0,0
QLD,2014-03,313637,335310,387202,10991,13447,9703,17876,3675,4344,0,0
QLD,2014-04,315011,340253,400227,11544,13745,10080,18165,3833,4444,0,0
QLD,2014-05,316690,345871,414792,12089,14298,10584,18991,4237,4844,0,0
QLD,2014-06,318274,350975,428729,12587,14791,11143,19566,4909,4944,0,0
QLD,2014-07,320145,356808,443093,12984,15168,11786,20459,5430,4944,0,0
QLD,2014-08,321741,361051,453783,13425,15733,12287,21458,6243,4944,0,0
QLD,2014-09,323257,365334,465956,13970,16096,12841,22205,6592,5044,0,0
QLD,2014-10,324685,369764,477331,14539,16640,13434,22643,7100,5144,0,0
QLD,2014-11,325731,373501,486968,15025,17044,13898,23450,7635,5244,0,0
QLD,2014-12,326623,377231,496679,15685,17444,14416,24344,8266,5744,0,0
QLD,2015-01,327458,380212,504936,16154,17762,14851,24953,8879,5844,0,0
QLD,2015-02,328415,383378,514432,16695,18101,15287,25441,9211,5944,0,0
QLD,2015-03,329515,386898,525014,17339,18474,15704,26042,9622,6144,0,0
QLD,2015-04,330246,389891,533937,17944,18807,16307,26551,9748,6244,0,0
QLD,2015-05,331133,392717,543142,18528,19075,16783,27217,10235,8885,0,0
QLD,2015-06,331944,395474,552974,19137,19521,17442,27939,10599,8985,0,0
QLD,2015-07,332859,398500,565444,20069,20113,18058,28648,11226,9185,0,0
QLD,2015-08,333419,401200,574909,20798,20680,18645,29611,11638,9185,0,0
QLD,2015-09,334081,404006,585252,21597,21115,19318,30078,12245,9673,0,0
QLD,2015-10,334651,406598,594724,22310,21510,19781,30884,12837,9673,0,0
QLD,2015-11,335167,409074,603405,23033,22134,20328,31692,13513,13541,0,0
QLD,2015-12,335546,411371,611134,23702,22952,20994,32457,14832,13541,0,0
QLD,2016-01,335918,413189,617647,24411,23351,21472,32620,15527,13785,0,0
QLD,2016-02,336382,415522,625885,25229,23999,22081,33358,16175,13885,0,0
QLD,2016-03,336873,417917,633813,26028,24477,22535,33972,16724,14085,0,0
QLD,2016-04,337346,419951,641657,26849,25095,23050,34371,17810,14085,0,0
QLD,2016-05,337805,421841,649915,27791,25814,24075,35317,18250,14185,0,0
QLD,2016-06,338266,424014,657773,28752,26821,25101,36330,18822,15394,0,0
QLD,2016-07,338774,426004,665599,29702,27836,26004,37438,19575,16256,0,0
QLD,2016-08,339294,428270,674830,30802,28688,27207,38433,20872,16256,0,0
QLD,2016-09,339726,430544,684052,32018,29740,28323,39552,21921,16256,0,0
QLD,2016-10,340154,432607,693438,33266,30623,29208,40812,23368,16454,0,0
QLD,2016-11,340598,435335,705250,35044,31659,30496,41974,24712,16454,0,0
QLD,2016-12,340969,437844,718775,37049,33146,32136,43739,28710,16454,0,0
QLD,2017-01,341293,439839,728047,38310,33867,32692,44248,29050,16454,0,0
QLD,2017-02,341698,442446,740399,39731,34894,33483,45061,29374,16454,0,0
QLD,2017-03,342101,445072,753224,41316,36276,34661,46132,30535,16454,25000,0
QLD,2017-04,342467,447093,765344,43025,37245,35586,47311,31572,17021,25000,0
QLD,2017-05,342957,449603,779165,45215,38759,37101,49001,33342,18102,25000,0
QLD,2017-06,343415,451938,792687,47184,40377,38760,51019,34874,18579,25000,0
QLD,2017-07,343886,454419,807102,49277,42205,40166,52362,36920,19278,40000,0
QLD,2017-08,344408,456680,821797,52117,44466,41573,55193,38415,21046,40000,0
QLD,2017-09,344819,458752,835225,54803,46687,43210,57466,41070,22739,40000,0
QLD,2017-10,345159,460700,847847,58085,48828,44782,59354,43562,23465,40000,0
QLD,2017-11,345589,462946,864281,63057,51708,46952,62074,46594,31021,53054,0
QLD,2017-12,345945,465048,878943,68246,54634,49302,65032,52055,31868,63952,63168
QLD,2018-01,346224,466823,890879,72353,56895,50335,66489,53102,32633,84114,63168
QLD,2018-02,346549,469083,903821,76971,59737,51627,68438,54622,32830,84114,63168
QLD,2018-03,346936,471333,916852,83132,62650,53513,70575,56208,33128,101458,342216
QLD,2018-04,347277,473438,928739,88427,65286,55474,72390,57468,34131,101458,342216
QLD,2018-05,347688,475738,941501,95535,69139,57591,74915,59772,35345,101458,342216
QLD,2018-06,347999,477351,953006,103989,72648,59860,78120,63097,38211,101458,342216
QLD,2018-07,348310,479043,964762,113796,76730,62044,80494,64348,39883,101458,617587
QLD,2018-08,348622,480595,976331,125420,81126,64541,83705,66529,40549,101458,824638
QLD,2018-09,348896,482079,985828,137953,85259,66580,86093,67741,43806,101458,1155258
QLD,2018-10,349246,483543,994840,152197,90240,68871,88139,70010,45366,121382,1155258
QLD,2018-11,349607,484889,1005531,170783,96292,71634,90901,73250,50120,121382,1250803
QLD,2018-12,349884,486023,1012798,186957,102453,74870,95067,78703,57864,121382,1325895
QLD,2019-01,350083,487030,1019169,203366,106315,76283,96275,79711,62035,151076,1410644
QLD,2019-02,350475,488236,1026696,221248,112281,78044,97845,81162,66799,151076,1536846
QLD,2019-03,350741,489584,1034277,240952,118301,80090,100029,83059,67150,151076,1536846
QLD,2019-04,350996,490657,1041080,259315,124360,82033,102531,84676,68005,151076,1606945
QLD,2019-05,351290,491945,1048535,280824,131837,84519,105330,88999,71633,151076,1737690
QLD,2019-06,351596,493088,1055529,299433,138462,87689,109431,92454,72140,151076,1826906
QLD,2019-07,351966,494616,1063872,322877,146195,90945,112618,95282,79312,151076,1826906
QLD,2019-08,352264,495949,1071171,345514,153133,94017,115912,97371,81705,166076,1826906
QLD,2019-09,352601,497313,1078684,368136,161567,97238,120300,100571,85015,166076,1826906
QLD,2019-10,352902,498719,1085578,393840,170753,100327,123919,103861,89552,166076,1826906
QLD,2019-11,353138,500022,1092332,422442,181535,104186,128772,108790,94380,166076,1995223
QLD,2019-12,353368,501170,1098252,449922,192624,109456,134458,115152,96526,166076,1995223
QLD,2020-01,353580,502260,1103663,474244,200085,111475,136375,116615,98831,166076,1995223
QLD,2020-02,353783,503559,1109748,500223,209226,114127,139181,120083,102777,166076,1995223
QLD,2020-03,354130,505217,1117224,529633,221417,117325,142500,125221,105450,166076,1995223
QLD,2020-04,354400,506559,1123074,555088,232632,120874,146000,130778,108540,166076,2073395
QLD,2020-05,354689,508032,1128696,578536,243668,124535,149337,136337,110133,166076,2073395
QLD,2020-06,355010,509452,1134692,606083,256701,128330,154519,144244,110809,166076,2073395
QLD,2020-07,355309,511013,1140770,635376,272411,132361,157492,147728,113305,166076,2107189
QLD,2020-08,355597,512511,1146096,664770,287984,136854,160988,150453,114419,166076,2107189
QLD,2020-09,355890,513957,1151513,696202,304578,141906,164605,152579,115968,166076,2107189
QLD,2020-10,356210,515412,1156264,727700,322220,145654,168731,155886,116864,166076,2107189
QLD,2020-11,356462,516741,1161462,760458,342333,150298,174027,161144,118585,166076,2107189
QLD,2020-12,356665,517908,1166016,788528,362327,156249,181983,166571,118585,166076,2107189
QLD,2021-01,356849,519070,1169436,812873,377176,158587,183624,167125,122674,166076,2107189
QLD,2021-02,357123,520368,1174008,840946,396823,162307,186290,167501,122977,166076,2107189
QLD,2021-03,357334,521227,1176859,860966,411957,164437,188004,167760,123255,166076,2107189
NT,2007-01,0,0,0,0,10,0,0,0,0,0,0
NT,2007-02,2,3,0,0,10,0,0,0,0,0,0
NT,2007-03,2,3,0,8,10,0,0,0,0,0,0
NT,2007-04,3,3,6,8,21,0,0,0,0,0,0
NT,2007-06,3,6,6,15,21,0,0,0,0,0,0
NT,2007-07,3,6,6,15,21,20,0,0,0,0,0
NT,2007-08,4,6,6,15,21,20,0,0,0,0,0
NT,2007-09,4,9,6,15,33,20,0,0,0,0,0
NT,2007-10,4,9,6,36,33,20,0,0,0,0,0
NT,2007-11,5,9,12,36,33,20,0,0,0,0,0
NT,2007-12,7,9,12,43,79,34,0,0,0,0,0
NT,2008-01,11,12,12,43,79,34,0,0,0,0,0
NT,2008-02,12,12,12,43,79,34,0,0,0,0,0
NT,2008-03,12,12,12,59,79,34,0,0,0,0,0
NT,2008-04,14,12,12,66,91,34,0,0,0,0,0
NT,2008-05,20,12,12,66,91,34,0,0,0,0,0
NT,2008-06,22,15,12,66,127,49,0,0,0,0,0
NT,2008-07,26,15,12,73,139,78,0,0,0,0,0
NT,2008-08,28,18,24,73,139,95,0,0,0,0,0
NT,2008-09,32,18,73,109,139,95,0,0,0,0,0
NT,2008-10,42,18,78,109,139,111,0,0,0,0,0
NT,2008-11,47,18,78,109,139,128,0,0,0,0,0
NT,2008-12,70,24,89,109,151,128,32,0,0,0,0
NT,2009-01,86,24,89,109,151,128,32,0,0,0,0
NT,2009-02,110,24,89,116,151,128,32,0,0,0,0
NT,2009-03,133,28,89,116,151,128,32,0,0,0,0
NT,2009-04,139,28,95,116,151,128,32,0,0,0,0
NT,2009-05,149,31,95,116,151,128,32,0,0,0,0
NT,2009-06,154,31,95,125,151,128,32,0,304,0,0
NT,2009-07,164,31,100,125,151,168,32,0,304,0,0
NT,2009-08,181,37,100,125,151,200,32,0,304,0,0
NT,2009-09,208,40,100,125,151,239,32,0,304,0,0
NT,2009-10,236,49,100,125,163,239,32,0,304,0,0
NT,2009-11,312,49,106,125,183,239,32,0,304,0,0
NT,2009-12,350,52,106,142,194,239,32,0,304,0,0
NT,2010-01,396,56,106,142,194,239,66,0,304,0,0
NT,2010-02,485,76,134,142,205,239,66,0,304,0,0
NT,2010-03,583,86,155,149,205,239,66,0,304,0,0
NT,2010-04,665,102,155,149,238,253,66,0,304,0,0
NT,2010-05,749,117,160,149,238,270,66,0,304,0,0
NT,2010-06,846,134,160,149,249,270,66,0,304,0,0
NT,2010-07,921,150,171,149,284,270,140,0,304,0,0
NT,2010-08,984,150,182,149,284,270,140,0,304,0,0
NT,2010-09,1107,167,182,149,295,288,176,64,304,0,0
NT,2010-10,1167,195,187,149,295,288,176,64,304,0,0
NT,2010-11,1209,207,192,149,295,288,176,64,304,0,0
NT,2010-12,1238,214,192,156,295,288,176,64,304,0,0
NT,2011-01,1249,223,198,156,295,288,176,64,304,0,0
NT,2011-02,1251,223,198,156,295,288,176,64,304,0,0
NT,2011-03,1294,248,203,156,295,288,176,64,405,0,0
NT,2011-04,1364,274,208,156,305,288,176,64,405,0,0
NT,2011-05,1436,308,228,165,315,288,206,138,405,0,0
NT,2011-06,1581,375,260,165,360,340,251,138,405,0,0
NT,2011-07,1609,390,265,165,380,358,276,138,405,0,0
NT,2011-08,1630,414,265,165,380,358,276,138,405,0,0
NT,2011-09,1660,438,285,174,401,372,276,138,1374,0,0
NT,2011-10,1674,453,315,174,411,372,340,138,1374,0,0
NT,2011-11,1692,460,327,174,411,372,501,138,1374,0,0
NT,2011-12,1701,469,337,174,411,449,756,138,1609,0,0
NT,2012-01,1712,492,348,174,411,449,785,138,1609,0,0
NT,2012-02,1733,512,365,174,421,464,785,138,1609,0,0
NT,2012-03,1750,536,391,203,431,478,785,138,1609,0,0
NT,2012-04,1760,554,406,210,442,537,785,138,1609,0,0
NT,2012-05,1936,589,432,301,452,537,785,138,1609,0,0
NT,2012-06,1992,677,534,332,484,553,881,138,1609,0,0
NT,2012-07,2004,692,549,339,515,553,881,138,1609,0,0
NT,2012-08,2008,706,591,348,526,594,881,138,1609,0,0
NT,2012-09,2020,737,607,348,537,671,881,138,1609,0,0
NT,2012-10,2030,788,631,377,549,671,881,138,1609,0,0
NT,2012-11,2042,861,677,414,559,713,881,138,1933,0,0
NT,2012-12,2070,974,866,459,617,728,881,138,2336,0,0
NT,2013-01,2076,1069,978,480,637,772,881,138,2336,0,0
NT,2013-02,2093,1189,1119,495,637,772,881,138,2336,0,0
NT,2013-03,2098,1278,1280,510,647,772,881,223,2336,0,0
NT,2013-04,2108,1375,1453,534,647,772,881,223,2336,0,0
NT,2013-05,2119,1474,1729,563,647,772,881,223,2336,0,0
NT,2013-06,2133,1562,1892,638,679,804,925,321,2336,0,0
NT,2013-07,2140,1605,2494,662,721,820,925,321,2336,0,0
NT,2013-08,2145,1639,2688,686,731,820,925,321,2336,0,0
NT,2013-09,2151,1682,2922,702,744,858,1002,321,2336,0,0
NT,2013-10,2168,1748,3205,710,754,923,1002,421,2336,0,0
NT,2013-11,2211,1813,3600,733,754,961,1002,421,2336,0,0
NT,2013-12,2219,1869,3828,733,754,976,1002,421,2336,0,0
NT,2014-01,2223,1924,3978,733,764,976,1002,421,2336,0,0
NT,2014-02,2232,2012,4180,740,774,976,1002,421,2336,0,0
NT,2014-03,2248,2116,4436,748,794,976,1042,531,2336,0,0
NT,2014-04,2254,2187,4690,748,836,976,1042,531,2436,0,0
NT,2014-05,2259,2255,5052,748,858,1012,1042,631,2536,0,0
NT,2014-06,2264,2285,5447,748,868,1027,1076,681,2536,0,0
NT,2014-07,2271,2352,5807,755,890,1047,1076,681,2536,0,0
NT,2014-08,2272,2399,6184,764,890,1070,1076,744,2536,0,0
NT,2014-09,2278,2422,6487,780,915,1110,1076,804,2636,0,0
NT,2014-10,2282,2466,6809,796,927,1110,1143,958,2636,0,0
NT,2014-11,2284,2504,7097,812,937,1149,1170,1008,3059,0,0
NT,2014-12,2290,2537,7427,812,937,1169,1311,1058,3059,0,0
NT,2015-01,2291,2569,7646,812,937,1169,1311,1058,3059,0,0
NT,2015-02,2295,2606,7957,812,959,1210,1371,1058,3059,0,0
NT,2015-03,2299,2689,8358,812,959,1225,1371,1319,3059,0,0
NT,2015-04,2308,2716,8739,812,959,1244,1371,1419,3059,0,0
NT,2015-05,2320,2734,9103,812,972,1306,1437,1506,3259,0,0
NT,2015-06,2323,2769,9458,819,984,1306,1464,1556,3359,0,0
NT,2015-07,2324,2866,9910,819,984,1306,1538,1556,3359,0,0
NT,2015-08,2326,2909,10427,827,994,1326,1652,1791,6669,0,0
NT,2015-09,2337,2938,10855,827,994,1382,1720,2402,6769,0,0
NT,2015-10,2348,2974,11196,835,1038,1397,1720,2662,8022,0,0
NT,2015-11,2351,3028,11698,835,1048,1439,1806,2762,8420,0,0
NT,2015-12,2356,3049,11939,835,1059,1479,1866,2921,8848,0,0
NT,2016-01,2356,3063,12171,861,1069,1494,1866,3071,8848,0,0
NT,2016-02,2361,3088,12493,861,1079,1550,1935,3171,9148,0,0
NT,2016-03,2361,3140,12932,869,1079,1550,1996,3391,9148,0,0
NT,2016-04,2364,3187,13372,878,1101,1565,1996,3691,11188,0,0
NT,2016-05,2369,3247,14021,885,1137,1602,2100,3950,11587,0,0
NT,2016-06,2371,3285,14701,909,1173,1646,2272,4276,15587,0,0
NT,2016-07,2371,3303,15211,922,1193,1708,2312,4692,15587,0,0
NT,2016-08,2374,3329,15967,930,1203,1723,2445,4792,15587,0,0
NT,2016-09,2381,3401,16775,945,1203,1723,2643,5010,15587,0,0
NT,2016-10,2387,3463,17537,952,1223,1758,2737,5214,15587,0,0
NT,2016-11,2406,3594,18247,952,1237,1773,2842,5381,15587,0,0
NT,2016-12,2416,3689,18784,961,1247,1773,3044,6010,17617,0,0
NT,2017-01,2416,3718,19121,961,1247,1773,3044,6090,17617,0,0
NT,2017-02,2420,3741,19383,976,1247,1789,3044,6386,17617,0,0
NT,2017-03,2423,3774,19834,976,1259,1789,3074,6545,17617,0,0
NT,2017-04,2423,3826,20288,990,1259,1835,3134,6830,17617,0,0
NT,2017-05,2432,3862,20984,1105,1269,1874,3276,7284,17617,0,0
NT,2017-06,2460,3904,21773,1353,1281,1906,3401,7634,17617,0,0
NT,2017-07,2487,3944,22615,1588,1291,1967,3491,7932,17617,0,0
NT,2017-08,2521,3993,23401,1899,1301,1987,3718,8046,17617,0,0
NT,2017-09,2544,4038,24008,2152,1327,2008,3798,8116,17617,0,0
NT,2017-10,2600,4073,24669,2585,1351,2040,3897,8846,17617,0,0
NT,2017-11,2620,4095,25409,3158,1372,2072,3897,8960,17617,0,0
NT,2017-12,2635,4102,25824,3472,1434,2111,4026,9768,17617,0,0
NT,2018-01,2641,4123,26338,3795,1444,2181,4090,9868,17942,0,0
NT,2018-02,2654,4127,26762,4121,1470,2219,4180,9968,21239,0,0
NT,2018-03,2678,4143,27212,4570,1505,2234,4276,10602,22263,0,0
NT,2018-04,2698,4154,27626,4924,1515,2288,4448,10908,22263,0,0
NT,2018-05,2723,4192,28086,5375,1536,2309,4478,11187,22263,0,0
NT,2018-06,2748,4198,28477,5927,1546,2369,4814,11662,22653,0,0
NT,2018-07,2781,4212,29119,6514,1576,2453,4933,11761,22653,0,0
NT,2018-08,2823,4241,29688,7192,1598,2496,5022,11860,22653,0,0
NT,2018-09,2840,4261,30063,7963,1621,2543,5047,12254,22930,0,0
NT,2018-10,2865,4268,30528,9085,1704,2585,5178,12612,22930,0,0
NT,2018-11,2885,4319,31111,10433,1736,2650,5217,12880,22930,0,0
NT,2018-12,2885,4337,31748,11246,1804,2690,5411,13404,25360,0,0
NT,2019-01,2891,4340,32378,11923,1804,2752,5443,13404,25360,0,0
NT,2019-02,2900,4354,33114,12772,1835,2770,5558,13529,27727,0,0
NT,2019-03,2913,4371,33881,13916,1848,2786,5691,13692,28418,0,0
NT,2019-04,2927,4400,34604,14833,1848,2816,5797,13930,28418,0,0
NT,2019-05,2931,4434,35583,16120,1890,2836,6004,14029,28418,0,0
NT,2019-06,2939,4469,36192,17295,1936,2852,6215,14443,28418,0,0
NT,2019-07,2966,4505,36891,18420,1961,2892,6401,14543,28418,0,0
NT,2019-08,3003,4594,37448,19617,1974,2916,6499,15144,28418,0,0
NT,2019-09,3015,4660,37947,20768,1994,2981,6689,15792,28518,0,0
NT,2019-10,3027,4707,38774,21942,2016,3059,6841,15989,28518,0,0
NT,2019-11,3039,4768,39499,23373,2026,3078,6876,16188,28518,0,0
NT,2019-12,3049,4824,40099,24995,2036,3138,7079,17119,28618,0,0
NT,2020-01,3066,4859,40473,26318,2091,3195,7207,17291,28618,0,0
NT,2020-02,3070,4929,40628,28304,2114,3211,7353,17469,29093,0,0
NT,2020-03,3076,4987,40816,29972,2154,3286,7527,17566,29423,0,0
NT,2020-04,3093,5007,40952,31709,2186,3328,7632,17893,29423,0,0
NT,2020-05,3107,5040,41091,33953,2242,3422,7912,17993,29721,0,0
NT,2020-06,3125,5128,41205,35829,2291,3524,7973,18144,30269,0,0
NT,2020-07,3135,5193,41366,37232,2343,3577,8224,18684,30269,0,0
NT,2020-08,3136,5251,41470,38303,2418,3632,8304,18760,30269,0,0
NT,2020-09,3154,5345,41586,39386,2532,3732,8494,19081,30508,0,0
NT,2020-10,3177,5451,41656,40195,2557,3796,8784,19443,30608,0,0
NT,2020-11,3185,5509,41773,41177,2604,3886,8899,20145,30918,0,0
NT,2020-12,3186,5548,41808,42077,2670,3925,9191,20713,30918,0,33721
NT,2021-01,3186,5564,41838,42382,2727,3965,9231,20764,30918,0,33721
NT,2021-02,3194,5607,41890,42910,2785,3984,9522,20876,30918,0,33721
NT,2021-03,3194,5621,41966,43216,2835,4004,9582,20876,30918,0,33721
SA,2007-01,47,9,0,0,0,0,0,0,0,0,0
SA,2007-02,109,15,0,0,0,0,0,0,0,0,0
SA,2007-03,185,26,0,0,0,0,0,0,0,0,0
SA,2007-04,221,39,0,7,0,0,0,0,0,0,0
SA,2007-05,241,39,6,7,0,0,0,0,0,0,0
SA,2007-06,314,57,6,7,0,0,0,0,0,0,0
SA,2007-07,444,76,6,7,0,0,0,0,0,0,0
SA,2007-08,593,129,6,7,0,0,0,0,0,0,0
SA,2007-09,724,163,6,7,0,0,0,0,0,0,0
SA,2007-10,896,218,11,7,0,0,0,0,0,0,0
SA,2007-11,1092,259,27,7,0,0,0,0,0,0,0
SA,2007-12,1313,319,32,7,0,0,0,0,0,0,0
SA,2008-01,1517,375,32,7,0,0,0,0,0,0,0
SA,2008-02,1757,413,32,22,0,0,0,0,0,0,0
SA,2008-03,1982,442,42,22,0,0,0,0,0,0,0
SA,2008-04,2245,486,42,22,0,0,0,0,0,0,0
SA,2008-05,2574,531,42,22,0,0,0,0,0,0,0
SA,2008-06,2869,566,42,22,0,0,0,0,0,0,0
SA,2008-07,3244,623,42,22,0,0,0,0,0,0,0
SA,2008-08,3682,662,42,22,0,0,0,0,0,0,0
SA,2008-09,4055,712,47,22,0,0,0,0,0,0,0
SA,2008-10,4489,794,63,22,0,0,30,0,0,0,0
SA,2008-11,4997,872,63,22,0,0,30,0,0,0,0
SA,2008-12,5459,929,90,22,0,0,30,0,0,0,0
SA,2009-01,5966,965,95,22,0,0,30,0,0,0,0
SA,2009-02,6603,1053,121,31,0,0,30,0,0,0,0
SA,2009-03,7367,1141,151,31,0,0,30,0,0,0,0
SA,2009-04,8094,1243,161,52,0,0,30,0,0,0,0
SA,2009-05,8897,1360,192,52,0,0,30,0,0,0,0
SA,2009-06,9518,1458,219,52,0,15,30,0,0,0,0
SA,2009-07,10227,1565,259,52,10,15,30,0,0,0,0
SA,2009-08,11114,1669,279,52,31,15,30,0,0,0,0
SA,2009-09,11944,1816,347,52,51,15,101,0,0,0,0
SA,2009-10,13245,2003,413,52,72,15,101,0,1000,0,0
SA,2009-11,14631,2182,434,59,94,37,101,0,1000,0,0
SA,2009-12,15735,2358,487,74,107,37,151,0,1000,0,0
SA,2010-01,16663,2573,565,74,107,37,181,0,2114,0,0
SA,2010-02,17730,2916,613,82,129,37,181,0,2114,0,0
SA,2010-03,18965,3233,676,98,178,37,240,0,2114,0,0
SA,2010-04,20376,3734,779,122,189,37,269,0,2114,0,0
SA,2010-05,22127,4252,878,151,219,37,299,99,2114,0,0
SA,2010-06,23716,4854,1022,173,280,54,329,99,2114,0,0
SA,2010-07,25033,5639,1248,187,331,78,329,99,2114,0,0
SA,2010-08,26622,6417,1457,252,392,136,361,99,2114,0,0
SA,2010-09,28638,7429,1733,299,553,136,361,99,2114,0,0
SA,2010-10,30762,8476,1968,338,613,136,389,99,2114,0,0
SA,2010-11,33583,9867,2394,420,745,151,389,99,2114,0,0
SA,2010-12,36132,11374,2737,496,816,189,467,99,2114,0,0
SA,2011-01,39263,13301,3153,579,896,189,467,99,2114,0,0
SA,2011-02,43293,15992,3900,739,990,204,497,99,2114,0,0
SA,2011-03,48704,19451,4858,894,1141,221,497,99,2114,0,0
SA,2011-04,54055,23101,6071,1065,1346,270,497,99,2114,0,0
SA,2011-05,61512,29016,7781,1339,1590,294,555,99,2114,0,0
SA,2011-06,71584,38039,11652,2028,2288,451,645,176,2114,0,0
SA,2011-07,76606,43222,13299,2194,2497,515,645,176,2114,0,0
SA,2011-08,81610,49533,15507,2383,2681,560,645,176,2114,0,0
SA,2011-09,87359,57295,18453,2759,3080,626,645,176,2114,0,0
SA,2011-10,92516,65273,22433,3269,3472,737,675,176,2114,0,0
SA,2011-11,96444,72761,26774,3795,4039,879,705,176,2114,0,0
SA,2011-12,98774,77052,29537,4173,4477,984,863,176,2114,0,0
SA,2012-01,100720,80225,31556,4432,4910,999,893,176,2114,0,0
SA,2012-02,102873,83384,33525,4714,5240,1132,984,176,2114,0,0
SA,2012-03,105247,86469,35577,5118,5595,1172,1014,176,2114,0,0
SA,2012-04,108046,89912,37569,5315,5786,1349,1074,176,2114,0,0
SA,2012-05,112635,96230,41726,5999,6208,1523,1196,176,2114,0,0
SA,2012-06,118076,106102,48850,6993,7085,1701,1345,176,2114,0,0
SA,2012-07,120239,110033,51633,7501,7590,1900,1374,176,2114,0,0
SA,2012-08,121787,113680,54512,8052,8036,1979,1567,232,2114,0,0
SA,2012-09,122950,116335,56804,8531,8361,2254,1626,232,2114,0,0
SA,2012-10,124130,119856,59976,9147,8859,2518,1686,232,2114,0,0
SA,2012-11,125156,123307,63710,9793,9325,2639,1955,232,2114,0,0
SA,2012-12,126938,129424,70762,11307,10443,3011,2213,232,2114,0,0
SA,2013-01,127600,131550,73662,11854,11193,3199,2445,291,2114,0,0
SA,2013-02,128196,133769,76623,12475,11859,3409,2739,291,2114,0,0
SA,2013-03,128822,135903,79620,13112,12617,3714,3095,511,2114,0,0
SA,2013-04,129346,137624,82670,13809,13464,3963,3280,511,2114,0,0
SA,2013-05,129886,139565,86002,14539,14254,4383,3606,681,2114,0,0
SA,2013-06,130330,141319,89527,15446,15340,4689,3910,780,2114,0,0
SA,2013-07,130805,143639,93632,16302,16449,5082,4488,1059,2114,0,0
SA,2013-08,131354,146633,99264,17654,17846,5563,4993,1181,2114,0,0
SA,2013-09,131999,150519,106416,19110,19768,6109,5282,1432,2114,0,0
SA,2013-10,132806,155415,115553,20900,21988,6872,5852,1520,2214,0,0
SA,2013-11,133544,159692,123864,22847,24541,7609,6857,1818,2314,0,0
SA,2013-12,134104,162714,129708,24260,26467,8265,8298,2146,2314,0,0
SA,2014-01,134587,165596,135794,26118,29095,9643,10401,2315,2314,0,0
SA,2014-02,134928,166614,137484,26435,29604,9958,10698,2413,2514,0,0
SA,2014-03,135186,167580,139322,26806,30118,10142,11090,3051,2914,0,0
SA,2014-04,135387,168594,140725,27071,30571,10402,11478,3225,3114,0,0
SA,2014-05,135612,169948,142701,27483,31213,10730,11834,3751,3214,0,0
SA,2014-06,135797,170961,144259,27871,31652,11077,12434,4007,3214,0,0
SA,2014-07,136010,172448,146267,28366,32238,11493,13320,4192,3314,0,0
SA,2014-08,136222,173814,148314,28842,32748,11881,13812,4627,3498,0,0
SA,2014-09,136543,175535,150927,29414,33400,12147,14338,4827,3498,0,0
SA,2014-10,136894,177522,153972,30067,34174,12593,14913,5086,3498,0,0
SA,2014-11,137177,178929,156268,30610,34704,12863,15362,5266,3498,0,0
SA,2014-12,137420,180309,158395,31043,35388,13174,15980,5539,3598,0,0
SA,2015-01,137640,181539,160262,31380,35816,13394,16170,5744,3598,0,0
SA,2015-02,137806,182659,162254,31715,36411,13703,16658,6016,3723,0,0
SA,2015-03,137992,184090,164324,32118,36865,14135,17050,6116,3823,0,0
SA,2015-04,138177,185178,166238,32471,37598,14530,17429,6174,4023,0,0
SA,2015-05,138368,186253,168171,32848,38182,15000,17914,6570,4023,0,0
SA,2015-06,138566,187308,170190,33272,38769,15494,18442,7100,4123,0,0
SA,2015-07,138770,188401,172513,33741,39442,15916,19219,7100,4123,0,0
SA,2015-08,138990,189508,174879,34089,39935,16146,19488,7162,4223,0,0
SA,2015-09,139207,190810,177258,34451,40420,16380,20078,7322,4623,0,0
SA,2015-10,139396,191948,179770,34809,40915,16677,20665,7542,4623,0,0
SA,2015-11,139567,192947,182317,35215,41396,17092,21285,7861,4823,0,0
SA,2015-12,139725,193978,184668,35605,41896,17412,21639,8107,4923,0,0
SA,2016-01,139858,194694,186830,35787,42297,17616,21828,8297,5023,0,0
SA,2016-02,140030,195560,189736,36117,42663,17925,22306,8557,5203,0,0
SA,2016-03,140167,196494,192131,36428,43154,18131,22817,9085,5303,0,0
SA,2016-04,140326,197325,194310,36851,43581,18381,23231,9697,5303,0,0
SA,2016-05,140473,198235,196436,37229,43976,18695,23824,10147,5303,0,0
SA,2016-06,140652,199072,198452,37587,44552,19108,24391,10521,5503,0,0
SA,2016-07,140793,200009,200870,37965,45035,19497,24889,10821,5671,0,0
SA,2016-08,140971,201273,203855,38363,45699,20030,25405,11608,6166,0,0
SA,2016-09,141158,202337,206562,38764,46371,20418,26104,12329,6166,0,0
SA,2016-10,141435,203354,209215,39158,47029,20939,26765,12912,6353,0,0
SA,2016-11,141704,204681,212775,39678,47766,21388,27870,13328,6756,0,0
SA,2016-12,141930,205875,216675,40326,48769,22043,29182,15717,7130,0,0
SA,2017-01,142077,206648,218870,40622,49227,22268,29701,16340,8093,0,0
SA,2017-02,142265,207606,221707,41029,49825,22649,30396,17059,9093,0,0
SA,2017-03,142498,208664,224840,41574,50672,23118,31422,17837,11155,0,0
SA,2017-04,142648,209486,227207,41875,51296,23510,32234,18265,11155,0,0
SA,2017-05,142797,210434,230179,42277,52136,24239,33117,18919,11367,0,0
SA,2017-06,142992,211344,233060,42868,52907,25071,34100,19685,11579,0,0
SA,2017-07,143224,212348,236409,43427,53704,25494,34865,20836,11791,0,0
SA,2017-08,143558,213625,240173,44345,54831,26219,35671,21888,12427,0,0
SA,2017-09,143803,214731,243931,45528,56139,26767,36576,23605,12639,0,0
SA,2017-10,144048,215875,248506,46667,57785,27552,38101,24943,13909,0,0
SA,2017-11,144272,217205,254111,47969,59840,28578,39497,26973,14121,0,0
SA,2017-12,144433,218198,259661,49730,61912,29488,40932,31519,16417,0,0
SA,2018-01,144577,219179,264420,50982,63360,29885,41616,32306,16417,0,0
SA,2018-02,144819,220206,270053,52203,64958,30666,42376,34057,17345,0,0
SA,2018-03,145024,221252,275192,53670,66384,31554,43557,36231,18130,0,0
SA,2018-04,145172,222132,279258,55146,67503,32051,44308,38284,19757,5633,0
SA,2018-05,145347,223143,283516,57313,69051,32682,45830,41648,22088,5633,137830
SA,2018-06,145489,223997,287484,59593,70483,33677,47258,43340,22937,11595,137830
SA,2018-07,145642,224797,291594,62795,71865,34493,48489,44556,23725,11595,137830
SA,2018-08,145783,225785,295527,66633,73301,35608,49644,46744,24092,11595,137830
SA,2018-09,145913,226692,299663,71046,74967,36523,51128,48559,25634,11595,275805
SA,2018-10,146063,227574,303756,75990,77097,37572,53273,50738,25854,11595,275805
SA,2018-11,146206,228398,308471,81185,79212,38858,55379,54047,30127,11595,275805
SA,2018-12,146301,229071,312280,86114,81467,40529,58161,56785,36767,11595,275805
SA,2019-01,146375,229683,315022,90687,82869,41078,59196,57196,38925,11595,275805
SA,2019-02,146470,230383,318536,96532,85115,42014,60058,59097,43561,11595,403043
SA,2019-03,146606,231204,322019,102663,87271,43043,61114,60576,50930,11595,403043
SA,2019-04,146702,231799,325532,107886,89371,44008,62291,61446,51146,17688,403043
SA,2019-05,146800,232454,329695,114088,91801,45093,64228,63525,54715,17688,403043
SA,2019-06,146900,233080,333388,119899,94132,46713,66088,65144,59532,17688,403043
SA,2019-07,147000,233717,337379,127007,96502,47984,68054,67441,62146,23495,403043
SA,2019-08,147085,234341,341013,134722,99288,49451,71190,68922,63708,23495,403043
SA,2019-09,147136,234909,344729,143402,102038,50958,72826,69994,65655,23495,403043
SA,2019-10,147230,235539,348270,152954,105112,52607,74715,71416,70199,30356,403043
SA,2019-11,147328,236156,351379,162391,108646,54469,76321,73037,73692,30356,403043
SA,2019-12,147388,236666,354420,171551,112261,56142,78304,77971,82171,30356,403043
SA,2020-01,147463,237154,356521,180111,115080,57005,78989,78953,87975,45149,403043
SA,2020-02,147537,237836,359269,191675,118697,58494,80163,80369,89206,45149,403043
SA,2020-03,147607,238467,362377,204039,122714,60233,81575,81596,91547,45149,403043
SA,2020-04,147701,239066,364880,214571,126398,61379,82369,82501,94742,45149,403043
SA,2020-05,147794,239704,367591,226457,130337,62934,83732,83857,95395,45149,403043
SA,2020-06,147865,240310,369949,237305,134271,64914,85676,86829,96548,45149,403043
SA,2020-07,147987,240890,372611,251445,139193,66752,87382,88627,97402,45149,403043
SA,2020-08,148043,241426,374900,264129,143264,68474,88499,90243,97861,45149,403043
SA,2020-09,148127,242063,377611,281405,149787,71684,90502,92632,100250,45149,403043
SA,2020-10,148205,242473,379549,293945,154310,73396,91600,94679,101164,45149,403043
SA,2020-11,148281,242911,381317,306065,159450,75400,93404,96434,101418,45149,403043
SA,2020-12,148343,243315,383000,319421,166030,78072,95727,99907,105620,45149,403043
SA,2021-01,148364,243618,384180,328661,169901,79237,96515,100042,106020,45149,403043
SA,2021-02,148411,243899,385427,339781,174681,80942,97728,100376,106020,45149,403043
SA,2021-03,148450,244104,386046,347110,178516,81821,98500,100376,106020,45149,403043
TAS,2007-04,2,0,0,0,0,0,0,0,0,0,0
TAS,2007-06,3,0,0,0,0,0,0,0,0,0,0
TAS,2007-07,8,0,0,0,0,0,0,0,0,0,0
TAS,2007-08,10,0,0,0,0,0,0,0,0,0,0
TAS,2007-09,15,0,0,0,0,0,0,0,0,0,0
TAS,2007-10,16,0,0,0,0,0,0,0,0,0,0
TAS,2007-11,26,3,0,0,0,0,0,0,0,0,0
TAS,2007-12,30,9,0,0,0,0,0,0,0,0,0
TAS,2008-01,40,12,0,0,0,0,0,0,0,0,0
TAS,2008-02,50,15,0,0,0,0,0,0,0,0,0
TAS,2008-03,55,15,0,0,0,0,0,0,0,0,0
TAS,2008-04,73,15,0,0,0,0,0,0,0,0,0
TAS,2008-05,89,18,0,0,0,0,0,0,0,0,0
TAS,2008-06,95,18,0,0,0,0,0,0,0,0,0
TAS,2008-07,120,18,0,0,0,0,0,0,0,0,0
TAS,2008-08,127,24,0,0,0,0,0,0,0,0,0
TAS,2008-09,140,42,5,0,0,0,0,0,0,0,0
TAS,2008-10,153,42,5,0,0,0,0,0,0,0,0
TAS,2008-11,180,48,5,0,0,0,0,0,0,0,0
TAS,2008-12,211,60,5,0,0,0,0,0,0,0,0
TAS,2009-01,246,63,5,0,0,0,0,0,0,0,0
TAS,2009-02,268,66,5,0,0,0,0,0,0,0,0
TAS,2009-03,309,79,10,0,10,0,0,0,0,0,0
TAS,2009-04,342,83,10,0,10,0,0,0,0,0,0
TAS,2009-05,380,92,10,0,10,0,0,0,0,0,0
TAS,2009-06,417,105,10,0,10,0,0,0,0,0,0
TAS,2009-07,479,111,10,0,10,0,0,0,0,0,0
TAS,2009-08,666,126,15,0,10,0,0,0,0,0,0
TAS,2009-09,940,136,26,0,10,0,0,0,0,0,0
TAS,2009-10,1259,163,26,0,10,0,0,0,0,0,0
TAS,2009-11,1524,191,26,0,10,0,0,0,0,0,0
TAS,2009-12,1731,210,32,0,10,0,0,0,0,0,0
TAS,2010-01,1936,247,32,0,10,0,0,0,0,0,0
TAS,2010-02,2134,263,50,0,10,0,0,0,0,0,0
TAS,2010-03,2408,305,50,0,10,0,0,0,0,0,0
TAS,2010-04,2709,328,60,15,10,0,0,0,0,0,0
TAS,2010-05,2983,347,76,15,10,0,0,0,0,0,0
TAS,2010-06,3301,369,76,15,10,0,0,0,0,0,0
TAS,2010-07,3409,413,98,15,10,0,0,0,0,0,0
TAS,2010-08,3460,463,108,31,21,0,0,0,0,0,0
TAS,2010-09,3553,537,134,31,42,0,0,0,0,0,0
TAS,2010-10,3677,587,161,31,52,0,0,0,0,0,0
TAS,2010-11,3820,658,189,38,64,44,25,0,0,0,0
TAS,2010-12,3911,719,215,45,64,44,25,0,0,0,0
TAS,2011-01,4048,777,240,45,64,58,25,0,0,0,0
TAS,2011-02,4250,885,291,52,87,97,25,0,0,0,0
TAS,2011-03,4473,979,354,59,87,97,25,0,0,0,0
TAS,2011-04,4714,1087,380,68,100,118,25,0,0,0,0
TAS,2011-05,5158,1286,449,109,167,171,25,0,0,0,0
TAS,2011-06,5858,1661,629,132,237,195,25,0,0,0,0
TAS,2011-07,6093,1745,661,132,237,209,25,0,0,0,0
TAS,2011-08,6284,1842,677,139,248,209,25,0,0,0,0
TAS,2011-09,6438,1952,734,148,279,209,25,0,0,0,0
TAS,2011-10,6620,2062,806,156,279,223,25,0,0,0,0
TAS,2011-11,6791,2204,896,179,301,223,52,0,0,0,0
TAS,2011-12,6893,2288,957,193,344,258,52,0,0,0,0
TAS,2012-01,7027,2430,1012,218,354,258,52,0,0,0,0
TAS,2012-02,7349,2657,1157,233,405,258,52,0,0,0,0
TAS,2012-03,7709,2963,1300,263,465,258,52,0,0,0,0
TAS,2012-04,8262,3227,1435,293,510,273,52,0,0,0,0
TAS,2012-05,8997,3848,1817,371,604,314,89,0,0,0,0
TAS,2012-06,9795,4903,2671,603,873,335,126,0,0,0,0
TAS,2012-07,10241,5492,3066,696,976,358,126,0,0,0,0
TAS,2012-08,10699,6146,3528,810,1062,358,126,100,0,0,0
TAS,2012-09,11063,6694,4073,872,1165,358,126,100,0,0,0
TAS,2012-10,11386,7333,4804,963,1206,411,126,100,0,0,0
TAS,2012-11,11761,7960,5524,1065,1382,448,159,100,0,0,0
TAS,2012-12,12115,8821,6747,1257,1577,493,187,100,0,0,0
TAS,2013-01,12447,9479,7402,1377,1627,528,187,100,0,0,0
TAS,2013-02,12867,10239,8331,1578,1771,563,187,150,0,0,0
TAS,2013-03,13343,11021,9318,1728,1920,656,187,213,0,0,0
TAS,2013-04,13673,11609,10251,1891,2144,686,187,268,0,0,0
TAS,2013-05,13919,12215,11176,2067,2305,790,328,406,0,0,0
TAS,2013-06,14089,12721,11965,2203,2428,846,328,461,0,0,0
TAS,2013-07,14254,13325,12836,2388,2529,901,328,524,0,0,0
TAS,2013-08,14373,13817,13627,2541,2661,916,358,624,0,0,0
TAS,2013-09,14532,14389,14854,2719,2962,949,358,624,100,0,0
TAS,2013-10,14797,15689,16845,3060,3212,986,358,624,100,0,0
TAS,2013-11,15168,16666,19015,3346,3632,1026,358,624,100,0,0
TAS,2013-12,15362,17407,20372,3690,3900,1116,389,624,100,0,0
TAS,2014-01,15490,17992,21453,3932,4261,1150,424,686,100,0,0
TAS,2014-02,15659,18616,22545,4109,4612,1247,424,686,100,0,0
TAS,2014-03,15765,19033,23337,4285,4902,1287,466,686,100,0,0
TAS,2014-04,15872,19488,23910,4383,5033,1327,502,686,100,0,0
TAS,2014-05,15981,19991,24503,4453,5203,1379,538,686,100,0,0
TAS,2014-06,16102,20373,25224,4525,5389,1399,567,686,100,0,0
TAS,2014-07,16219,20787,25777,4647,5519,1456,645,786,100,0,0
TAS,2014-08,16342,21310,26798,4851,5859,1456,645,839,100,0,0
TAS,2014-09,16485,21651,27159,4952,5939,1471,645,839,100,0,0
TAS,2014-10,16566,21957,27406,5000,5989,1561,645,839,100,0,0
TAS,2014-11,16640,22235,27643,5039,6102,1581,702,839,200,0,0
TAS,2014-12,16706,22434,27946,5077,6142,1675,804,939,200,0,0
TAS,2015-01,16741,22611,28173,5093,6174,1775,804,989,200,0,0
TAS,2015-02,16806,22839,28572,5115,6207,1790,920,1064,200,0,0
TAS,2015-03,16855,23034,28898,5139,6280,1852,920,1176,200,0,0
TAS,2015-04,16895,23236,29103,5170,6326,1897,958,1176,200,0,0
TAS,2015-05,16957,23400,29336,5196,6336,1927,958,1276,200,0,0
TAS,2015-06,17014,23585,29637,5266,6376,1960,1029,1276,200,0,0
TAS,2015-07,17088,23794,29850,5273,6460,2015,1119,1353,200,0,0
TAS,2015-08,17129,23917,30209,5299,6514,2035,1189,1403,200,0,0
TAS,2015-09,17225,24162,30491,5313,6534,2070,1221,1403,200,0,0
TAS,2015-10,17279,24444,30756,5368,6534,2151,1258,1403,419,0,0
TAS,2015-11,17333,24788,31079,5420,6594,2223,1321,1497,419,0,0
TAS,2015-12,17422,25102,31460,5451,6625,2238,1447,1497,519,0,0
TAS,2016-01,17479,25315,31722,5474,6656,2238,1477,1597,519,0,0
TAS,2016-02,17584,25622,32040,5489,6706,2274,1581,1597,519,0,0
TAS,2016-03,17663,25920,32442,5514,6759,2330,1612,1597,519,0,0
TAS,2016-04,17726,26203,32745,5546,6800,2345,1673,1597,519,0,0
TAS,2016-05,17823,26499,33093,5584,6851,2345,1723,1697,519,0,0
TAS,2016-06,17884,26750,33478,5615,6881,2345,1850,1848,519,0,0
TAS,2016-07,17958,27037,33841,5639,6922,2407,1930,1848,519,0,0
TAS,2016-08,18054,27341,34240,5662,7004,2445,1991,1907,519,0,0
TAS,2016-09,18123,27643,34558,5677,7075,2509,1991,2072,519,0,0
TAS,2016-10,18163,27825,34919,5725,7095,2563,2051,2072,519,0,0
TAS,2016-11,18244,28128,35325,5732,7165,2635,2153,2197,519,0,0
TAS,2016-12,18308,28362,35923,5824,7290,2731,2286,2397,519,0,0
TAS,2017-01,18366,28528,36275,5855,7325,2731,2321,2397,519,0,0
TAS,2017-02,18396,28720,36753,5894,7412,2745,2490,2507,519,0,0
TAS,2017-03,18439,28875,37212,5916,7473,2830,2628,2606,519,0,0
TAS,2017-04,18470,29041,37447,5975,7535,2886,2663,2706,519,0,0
TAS,2017-05,18522,29238,37897,6047,7633,2980,2710,2783,519,0,0
TAS,2017-06,18554,29407,38403,6109,7748,3046,2875,2920,519,0,0
TAS,2017-07,18589,29625,39042,6162,7875,3144,2945,2976,519,0,0
TAS,2017-08,18629,29828,39726,6254,7965,3203,2971,3151,519,0,0
TAS,2017-09,18652,30047,40275,6361,8066,3290,3037,3226,519,0,0
TAS,2017-10,18694,30265,40837,6478,8233,3348,3070,3226,784,0,0
TAS,2017-11,18744,30488,41492,6670,8350,3443,3138,3482,2784,0,0
TAS,2017-12,18768,30647,42057,6774,8475,3506,3450,4038,2784,0,0
TAS,2018-01,18789,30786,42450,6852,8580,3538,3500,4038,2784,0,0
TAS,2018-02,18824,30982,42997,6951,8651,3690,3672,4130,2784,0,0
TAS,2018-03,18840,31149,43707,7108,8769,3847,3862,4434,2784,0,0
TAS,2018-04,18883,31358,44275,7243,8861,3897,4039,4534,2784,0,0
TAS,2018-05,18931,31568,44826,7365,9007,4033,4141,4534,2920,0,0
TAS,2018-06,18952,31738,45437,7510,9143,4116,4449,5221,2920,0,0
TAS,2018-07,18979,31895,46000,7639,9268,4193,4569,5444,3167,0,0
TAS,2018-08,19013,32128,46705,7827,9400,4418,4884,5563,3751,0,0
TAS,2018-09,19033,32323,47257,8036,9482,4493,4910,5662,3751,0,0
TAS,2018-10,19066,32491,47784,8195,9598,4550,4941,5738,4342,0,0
TAS,2018-11,19090,32682,48411,8318,9874,4685,5190,5988,4528,0,0
TAS,2018-12,19117,32820,49089,8609,10009,4835,5528,6582,4528,0,0
TAS,2019-01,19150,32935,49514,8712,10069,4876,5599,6745,4528,0,0
TAS,2019-02,19167,33169,50133,8910,10122,4894,5682,6944,4528,0,0
TAS,2019-03,19190,33300,50703,9084,10208,5017,5709,7162,4528,0,0
TAS,2019-04,19204,33433,51226,9248,10331,5083,5885,7369,4528,0,0
TAS,2019-05,19220,33591,51807,9467,10412,5163,6062,7527,4528,0,0
TAS,2019-06,19246,33708,52348,9728,10562,5297,6342,7627,4528,0,0
TAS,2019-07,19255,33892,53072,10044,10674,5366,6413,7781,4528,0,0
TAS,2019-08,19269,34112,53783,10270,10791,5417,6532,8113,4528,0,0
TAS,2019-09,19279,34346,54552,10652,10935,5526,6713,8213,4528,0,0
TAS,2019-10,19298,34588,55379,11097,11061,5623,6773,8483,4528,0,0
TAS,2019-11,19310,34847,56226,11640,11250,5728,6833,8776,4528,0,0
TAS,2019-12,19335,35043,56752,12316,11651,5874,6990,9241,4682,0,0
TAS,2020-01,19341,35242,57111,13004,11821,5891,7177,9399,4682,0,0
TAS,2020-02,19350,35482,57697,13824,12040,5956,7212,9493,4836,0,0
TAS,2020-03,19359,35661,58232,14833,12377,6084,7321,10239,4836,0,0
TAS,2020-04,19362,35778,58667,15549,12756,6172,7527,10298,4836,0,0
TAS,2020-05,19372,35882,59076,16269,13020,6211,7698,10557,4836,0,0
TAS,2020-06,19385,35958,59450,16876,13273,6335,8003,10937,4836,0,0
TAS,2020-07,19399,36096,59771,17706,13567,6442,8041,11036,4836,0,0
TAS,2020-08,19408,36215,60055,18484,13780,6475,8139,11214,4836,0,0
TAS,2020-09,19414,36352,60428,19450,14026,6532,8226,11414,4836,0,0
TAS,2020-10,19427,36482,60892,20224,14261,6606,8291,11714,4836,0,0
TAS,2020-11,19441,36632,61299,21316,14618,6670,8470,12191,4836,0,0
TAS,2020-12,19446,36768,61672,22315,15019,6832,8643,12974,4836,0,0
TAS,2021-01,19448,36869,61945,22965,15171,6916,8675,12974,4836,0,0
TAS,2021-02,19452,36952,62273,23939,15434,7011,8760,13054,4836,0,0
TAS,2021-03,19458,36996,62477,24739,15616,7098,8790,13054,4836,0,0
WA,2007-01,10,3,5,0,0,20,0,0,0,0,0
WA,2007-02,20,10,10,8,0,20,0,0,0,0,0
WA,2007-03,28,10,20,15,11,20,0,0,0,0,0
WA,2007-04,35,13,25,15,11,20,0,0,0,0,0
WA,2007-05,40,20,40,15,11,20,0,0,0,0,0
WA,2007-06,56,36,51,23,11,20,0,0,0,0,0
WA,2007-07,68,36,51,23,11,38,0,0,0,0,0
WA,2007-08,97,48,61,23,22,38,0,0,0,0,0
WA,2007-09,133,63,61,31,36,38,0,0,0,0,0
WA,2007-10,178,78,61,40,36,38,0,0,0,0,0
WA,2007-11,218,98,66,40,46,38,32,0,0,0,0
WA,2007-12,256,113,76,55,46,55,32,0,0,0,0
WA,2008-01,325,134,81,55,46,55,32,0,0,0,0
WA,2008-02,395,150,97,55,46,55,32,0,0,0,0
WA,2008-03,454,162,102,55,46,55,32,0,0,0,0
WA,2008-04,553,184,102,71,46,55,32,0,0,0,0
WA,2008-05,668,217,112,71,46,55,32,0,0,0,0
WA,2008-06,776,254,122,80,46,55,32,0,0,0,0
WA,2008-07,926,272,127,80,46,55,32,0,0,0,0
WA,2008-08,1105,311,155,87,46,55,32,0,0,0,0
WA,2008-09,1352,340,182,87,46,55,32,0,0,0,0
WA,2008-10,1770,369,213,96,46,55,32,0,0,0,0
WA,2008-11,2102,407,253,96,68,72,32,0,0,0,0
WA,2008-12,2485,446,284,104,81,72,58,0,0,0,0
WA,2009-01,2915,472,289,104,91,88,58,0,0,0,0
WA,2009-02,3473,517,319,104,91,88,58,0,0,0,0
WA,2009-03,4188,562,334,104,91,88,58,0,0,0,0
WA,2009-04,4914,609,351,104,91,88,58,0,0,0,0
WA,2009-05,5853,671,410,113,91,88,88,0,0,0,0
WA,2009-06,6719,705,453,113,114,125,88,0,0,0,0
WA,2009-07,7698,764,519,120,126,125,88,0,0,0,0
WA,2009-08,8711,828,566,134,161,125,88,0,0,0,0
WA,2009-09,9613,925,650,134,171,189,88,0,0,0,0
WA,2009-10,11111,1037,781,134,171,189,88,0,0,0,0
WA,2009-11,13006,1153,942,170,171,205,88,0,0,0,0
WA,2009-12,14791,1291,1026,191,171,205,118,0,0,0,0
WA,2010-01,16549,1471,1110,198,171,205,118,0,0,0,0
WA,2010-02,18364,1794,1200,205,181,221,118,0,0,0,0
WA,2010-03,20823,2136,1351,266,191,221,118,0,0,0,0
WA,2010-04,22921,2614,1485,288,201,221,118,0,0,0,0
WA,2010-05,25412,3241,1678,332,201,221,118,60,300,0,0
WA,2010-06,27853,3852,1906,406,232,275,179,60,300,0,0
WA,2010-07,30455,4636,2197,431,275,291,216,60,300,0,0
WA,2010-08,33048,5570,2573,461,300,370,216,60,300,0,0
WA,2010-09,35256,6601,2972,546,321,491,216,171,300,0,0
WA,2010-10,37740,7707,3410,593,375,554,249,245,500,0,0
WA,2010-11,40426,8996,3960,645,482,677,529,245,500,0,0
WA,2010-12,42574,9950,4368,652,535,791,669,472,500,0,0
WA,2011-01,46472,11557,4986,700,619,946,865,624,500,0,0
WA,2011-02,50935,13313,5606,737,724,1147,954,797,500,0,0
WA,2011-03,56303,16037,6463,775,863,1372,1127,797,500,0,0
WA,2011-04,61776,18637,7426,870,1022,1592,1457,945,500,0,0
WA,2011-05,70272,23795,9208,1001,1255,1874,1880,1366,1100,0,0
WA,2011-06,80967,31480,12392,1166,1692,2851,2636,2806,1100,0,0
WA,2011-07,85732,35075,13835,1205,1779,2959,2673,2861,1100,0,0
WA,2011-08,90299,40170,15869,1281,1999,3056,2893,2861,1100,0,0
WA,2011-09,94613,45142,18372,1418,2124,3205,3058,2861,1100,0,0
WA,2011-10,97169,46085,18671,1515,2225,3273,3148,2861,1100,0,0
WA,2011-11,99724,46943,19011,1622,2299,3290,3245,2861,1100,0,0
WA,2011-12,102262,47991,19450,1678,2321,3290,3302,2861,1100,0,0
WA,2012-01,104797,48881,19827,1678,2332,3305,3376,2861,1100,0,0
WA,2012-02,108873,50107,20477,1725,2362,3339,3376,2861,1390,0,0
WA,2012-03,113547,51668,21380,1836,2453,3356,3468,2861,1390,0,0
WA,2012-04,118457,53677,22334,1906,2616,3408,3498,2917,1390,0,0
WA,2012-05,125307,57109,24052,2259,2794,3561,3565,2917,1629,0,0
WA,2012-06,133322,62787,26266,2702,2960,3791,3861,3027,1629,0,0
WA,2012-07,137042,65693,27570,2765,3110,3955,3916,3027,1629,0,0
WA,2012-08,140211,68053,28651,2852,3235,4115,3946,3027,1629,0,49730
WA,2012-09,142650,69982,29560,2898,3310,4266,4132,3027,1629,0,49730
WA,2012-10,145442,72209,30564,2991,3392,4379,4253,3027,1629,0,49730
WA,2012-11,148117,74692,31530,3107,3485,4531,4526,3027,1629,0,49730
WA,2012-12,151519,78589,33434,3245,3645,4665,4706,3027,1629,0,49730
WA,2013-01,153566,80710,34490,3307,3793,4865,4989,3027,1629,0,49730
WA,2013-02,155419,83030,36002,3388,3844,5112,5419,3127,1629,0,49730
WA,2013-03,156768,85244,37390,3455,3906,5293,5909,3227,1629,0,49730
WA,2013-04,158278,87572,39199,3487,4105,5363,6222,3327,1629,0,49730
WA,2013-05,159849,89889,41131,3602,4235,5537,6547,3423,1629,0,49730
WA,2013-06,161136,92208,42892,3690,4352,5760,6831,3501,1629,0,49730
WA,2013-07,162260,94324,44779,3872,4467,5889,7142,3501,1629,0,49730
WA,2013-08,163143,96041,46323,3918,4537,5904,7488,3501,1629,0,49730
WA,2013-09,163974,97608,47781,3981,4579,5985,7840,3661,1629,0,49730
WA,2013-10,164990,99830,49640,4119,4659,6105,8464,3754,1629,0,49730
WA,2013-11,165953,101859,51463,4262,4811,6329,8779,3814,1629,0,49730
WA,2013-12,166810,103516,53276,4385,4873,6472,9253,3940,1729,0,49730
WA,2014-01,167804,105225,55145,4481,5006,6723,9752,4000,1729,0,49730
WA,2014-02,168892,107409,57589,4653,5147,6936,10223,4000,1829,0,49730
WA,2014-03,169781,109484,59992,4806,5270,7025,10727,4272,2229,0,49730
WA,2014-04,170613,111635,62500,4914,5388,7107,10948,4272,2379,0,49730
WA,2014-05,171517,114031,65556,5114,5488,7353,11383,4540,2379,0,49730
WA,2014-06,172253,116013,68314,5335,5631,7513,12350,4540,2779,0,49730
WA,2014-07,173072,118265,71217,5620,5787,7639,13138,4762,2879,0,49730
WA,2014-08,173997,121052,74434,5905,5936,7898,13838,4989,3179,0,49730
WA,2014-09,175116,123990,78216,6271,6195,8142,14638,5147,3179,0,49730
WA,2014-10,176219,127165,82278,6617,6425,8466,15344,5519,3279,0,49730
WA,2014-11,177044,129643,85750,6893,6613,8752,16448,5699,3569,0,49730
WA,2014-12,177747,132422,88739,7240,6866,9107,17188,6167,4069,0,49730
WA,2015-01,178517,134951,91245,7493,7055,9288,17699,6436,4457,0,49730
WA,2015-02,179292,137051,93596,7795,7208,9613,18432,6819,4457,0,49730
WA,2015-03,179999,139258,96270,8179,7337,9814,19081,6889,4457,0,49730
WA,2015-04,180624,141392,98571,8506,7561,10119,19624,7039,4457,0,49730
WA,2015-05,181215,143572,101613,8901,7813,10361,20250,7439,4557,0,49730
WA,2015-06,181789,145490,105014,9420,8007,10655,21006,7601,4757,0,49730
WA,2015-07,182505,147563,108707,9876,8307,11048,21642,7945,4957,0,49730
WA,2015-08,183061,149503,112168,10432,8555,11387,22131,8703,5357,0,49730
WA,2015-09,183537,151293,115522,10962,8797,11961,22799,9252,5357,0,49730
WA,2015-10,184111,153387,119537,11582,9018,12166,23795,9851,5656,0,49730
WA,2015-11,184629,155538,123381,12298,9313,12691,24591,9974,5656,0,49730
WA,2015-12,185072,157384,127433,12909,9568,13232,24832,10819,5856,0,49730
WA,2016-01,185557,159061,131246,13552,9852,13479,25325,11049,6006,0,49730
WA,2016-02,186204,161024,135692,14226,10114,13855,25927,11234,6006,0,49730
WA,2016-03,186715,162970,140274,14944,10437,14169,26824,11406,6006,0,49730
WA,2016-04,187218,165079,144390,15848,10799,14575,27431,11903,6006,10560,49730
WA,2016-05,187673,167232,148912,17113,11060,14828,28032,12318,6419,10560,49730
WA,2016-06,188080,169225,153128,18066,11371,15249,28789,13045,6419,10560,49730
WA,2016-07,188486,171266,157487,19303,11590,15592,29569,13407,6419,10560,49730
WA,2016-08,188831,173577,162242,20441,11897,15966,30704,13667,8170,10560,49730
WA,2016-09,189173,175998,167775,21635,12301,16447,31556,14410,8462,10560,49730
WA,2016-10,189486,178070,172998,22958,12662,16847,32522,15471,8462,10560,49730
WA,2016-11,189824,180574,179106,24623,13031,17319,33513,15924,8732,10560,49730
WA,2016-12,190209,182930,186147,26364,13572,17813,34946,17457,9194,10560,49730
WA,2017-01,190535,185160,192094,27815,13789,18087,35515,17905,9643,10560,49730
WA,2017-02,190871,187782,199492,29310,14176,18409,36252,18100,9795,10560,49730
WA,2017-03,191273,190658,208142,30948,14594,18779,37060,18573,9795,10560,49730
WA,2017-04,191520,192763,214235,32441,14927,19234,38364,19259,10250,10560,49730
WA,2017-05,191904,195393,221535,34342,15573,19872,39606,20788,10250,10560,49730
WA,2017-06,192361,198074,229461,35666,16265,20490,41058,22229,10823,10560,49730
WA,2017-07,192697,200532,237449,36783,16629,21049,42059,22787,11222,10560,49730
WA,2017-08,193056,203063,246424,38473,17114,21532,43041,23652,11421,10560,49730
WA,2017-09,193409,205303,253893,39969,17510,22041,44577,24219,11619,10560,49730
WA,2017-10,193672,207864,262512,41935,17822,22663,45780,25182,11943,10560,49730
WA,2017-11,193961,210191,271321,44465,18300,23311,46745,26657,12921,10560,49730
WA,2017-12,194238,212700,280008,47530,18890,24044,48899,29776,13071,10560,49730
WA,2018-01,194500,215211,287505,50445,19374,24797,49506,30566,13071,10560,49730
WA,2018-02,194785,217578,295050,53337,20027,25659,50684,31167,13071,10560,49730
WA,2018-03,195068,219879,301753,57041,20793,26312,52095,31786,13258,10560,49730
WA,2018-04,195343,221944,307814,60329,21301,27086,53490,32987,13458,10560,49730
WA,2018-05,195624,224187,313616,64917,22009,27835,54419,33949,13648,10560,49730
WA,2018-06,195848,226256,317609,70316,22821,28564,55619,34554,14237,10560,49730
WA,2018-07,196105,228549,322075,76674,23521,29169,56871,34830,14567,10560,49730
WA,2018-08,196295,230905,326862,83486,24288,29842,57664,35471,14818,10560,49730
WA,2018-09,196580,233311,330489,90965,24819,30390,58636,35955,16005,10560,49730
WA,2018-10,196916,235682,334874,100125,25456,31146,59889,36866,17231,10560,49730
WA,2018-11,197181,238142,339611,111091,26120,31856,61338,38511,18014,10560,49730
WA,2018-12,197352,240094,343731,121129,27147,32885,62942,41157,19016,10560,49730
WA,2019-01,197531,242449,347291,129361,27695,33281,63622,41456,20739,31740,49730
WA,2019-02,197719,244621,351436,138692,28247,33899,64418,42293,20930,43164,49730
WA,2019-03,197881,246772,355073,148159,28929,34407,65173,43262,20930,43164,49730
WA,2019-04,198012,248528,357999,157248,29356,34645,65803,43988,21129,43164,49730
WA,2019-05,198107,250552,361260,168732,29998,35048,66928,45168,21330,43164,49730
WA,2019-06,198213,252354,363710,177723,30551,35470,67974,46769,23232,43164,49730
WA,2019-07,198327,254127,366915,189577,30970,36027,68837,48294,23972,43164,49730
WA,2019-08,198476,255891,370182,201376,31697,36531,69943,48862,29216,43164,49730
WA,2019-09,198599,257585,373819,214530,32484,37336,70899,50140,29216,43164,49730
WA,2019-10,198705,259354,376966,228765,33279,38002,72235,51832,30719,43164,49730
WA,2019-11,198829,261453,380458,244217,34344,38492,73892,52853,33565,50882,49730
WA,2019-12,198888,262862,383717,261701,35408,39257,75668,57233,33918,50882,49730
WA,2020-01,198953,264377,386409,276161,36060,39664,76060,58290,35631,50882,49730
WA,2020-02,199017,265946,389187,292115,36821,40244,76914,59113,37742,50882,49730
WA,2020-03,199089,267610,392255,311148,37767,40795,78006,60101,38742,50882,49730
WA,2020-04,199162,269187,394838,326687,38762,41108,79074,60963,39342,50882,49730
WA,2020-05,199223,270454,396918,342601,39792,41650,80422,62099,39550,50882,49730
WA,2020-06,199276,271956,399094,360146,40855,42342,81632,63931,40450,50882,181695
WA,2020-07,199320,273537,401304,380477,41766,42817,82348,65257,41705,56979,181695
WA,2020-08,199385,274941,403351,400724,42836,43268,83435,66394,42669,56979,181695
WA,2020-09,199450,276304,405367,423775,43852,43968,84430,67295,46007,56979,181695
WA,2020-10,199506,277863,407573,449068,45175,44573,85535,67819,46007,56979,181695
WA,2020-11,199537,279384,409797,473413,46664,45102,86485,69430,46007,56979,181695
WA,2020-12,199554,280948,411868,497577,48774,46146,88377,71800,46607,56979,181695
WA,2021-01,199582,282261,413561,516594,49783,46435,88810,71975,46787,56979,181695
WA,2021-02,199604,283458,415272,537216,51099,46949,89602,72405,49680,56979,181695
WA,2021-03,199610,284303,416885,553735,52052,47167,89880,72405,49680,56979,181695
